1,David Aardsma,33,ATL,NL,33,1,1,0,0,0,0,0,0,0,0,0,1,.000,.000,.000,.000,-100,0,0,0,0,0,0,1
2,Fernando Abad*,29,OAK,AL,62,0,0,0,0,0,0,0,0,0,0,0,0,,,,,,0,0,0,0,0,0,1
3,Jose Abreu,28,CHW,AL,154,668,613,88,178,34,3,30,101,0,0,39,140,.290,.347,.502,.850,135,308,16,15,0,1,11,*3D
4,A.J. Achter,26,MIN,AL,11,0,0,0,0,0,0,0,0,0,0,0,0,,,,,,0,0,0,0,0,0,1
5,Dustin Ackley*,27,TOT,AL,108,264,238,28,55,11,3,10,30,2,2,18,45,.231,.284,.429,.712,98,102,3,1,3,4,0,784/3D9
6,Dustin Ackley*,27,SEA,AL,85,207,186,22,40,8,1,6,19,2,2,14,38,.215,.270,.366,.635,79,68,3,1,3,3,0,78/D94
7,Dustin Ackley*,27,NYY,AL,23,57,52,6,15,3,2,4,11,0,0,4,7,.288,.333,.654,.987,164,34,0,0,0,1,0,/437D
8,Cristhian Adames#,23,COL,NL,26,58,53,4,13,1,1,0,3,0,1,3,11,.245,.298,.302,.600,54,16,0,1,1,0,1,6/4
9,Austin Adams,28,CLE,AL,28,1,1,0,0,0,0,0,0,0,0,0,0,.000,.000,.000,.000,-100,0,1,0,0,0,0,1
10,Matt Adams*,26,STL,NL,60,186,175,14,42,9,0,5,24,1,0,10,41,.240,.280,.377,.657,78,66,1,0,0,1,1,3
11,Nathan Adcock,27,CIN,NL,13,0,0,0,0,0,0,0,0,0,0,0,0,,,,,,0,0,0,0,0,0,1
12,Ehire Adrianza#,25,SFG,NL,52,134,113,11,21,7,1,0,11,3,2,15,20,.186,.303,.265,.569,60,30,2,4,2,0,0,46/35
13,Jeremy Affeldt*,36,SFG,NL,52,2,2,0,0,0,0,0,0,0,0,0,2,.000,.000,.000,.000,-100,0,0,0,0,0,0,1
14,Jesus Aguilar,25,CLE,AL,7,20,19,0,6,1,0,0,2,0,0,0,7,.316,.350,.368,.718,94,7,0,1,0,0,0,/3D
15,Nick Ahmed,25,ARI,NL,134,459,421,49,95,17,6,9,34,4,5,29,81,.226,.275,.359,.634,68,151,4,1,5,3,1,*6
16,Andrew Albers,29,TOR,AL,1,0,0,0,0,0,0,0,0,0,0,0,0,,,,,,0,0,0,0,0,0,/1
17,Matt Albers*,32,CHW,AL,30,0,0,0,0,0,0,0,0,0,0,0,0,,,,,,0,0,0,0,0,0,1
18,Hanser Alberto,22,TEX,AL,41,104,99,12,22,2,1,0,4,1,0,2,17,.222,.238,.263,.500,35,26,2,0,3,0,0,4/65D
19,Al Alburquerque,29,DET,AL,67,0,0,0,0,0,0,0,0,0,0,0,0,,,,,,0,0,0,0,0,0,1
20,Arismendy Alcantara#,23,CHC,NL,11,32,26,5,2,0,0,0,1,1,0,5,11,.077,.226,.077,.303,-11,2,0,0,1,0,0,/45
21,Scott Alexander*,25,KCR,AL,4,0,0,0,0,0,0,0,0,0,0,0,0,,,,,,0,0,0,0,0,0,/1
22,Cody Allen,26,CLE,AL,70,0,0,0,0,0,0,0,0,0,0,0,0,,,,,,0,0,0,0,0,0,1
23,Abraham Almonte#,26,TOT,MLB,82,258,232,36,58,12,5,5,24,7,1,21,52,.250,.310,.409,.719,94,95,5,0,3,2,0,8/79D
24,Abraham Almonte#,26,SDP,NL,31,62,54,6,11,3,0,0,4,1,1,5,19,.204,.271,.259,.530,51,14,1,0,3,0,0,/879D
25,Abraham Almonte#,26,CLE,AL,51,196,178,30,47,9,5,5,20,6,0,16,33,.264,.321,.455,.776,106,81,4,0,0,2,0,8
26,Miguel Almonte,22,KCR,AL,9,0,0,0,0,0,0,0,0,0,0,0,0,,,,,,0,0,0,0,0,0,/1
27,Yonder Alonso*,28,SDP,NL,103,402,354,50,100,18,1,5,31,2,5,42,48,.282,.361,.381,.742,111,135,13,3,0,3,3,3/5
28,Aaron Altherr,24,PHI,NL,39,161,137,25,33,11,4,5,22,6,2,16,41,.241,.338,.489,.827,123,67,3,5,1,2,0,79/8
29,Jose Altuve,25,HOU,AL,154,689,638,86,200,40,4,15,66,38,13,33,67,.313,.353,.459,.812,122,293,17,9,3,6,8,*4/D
30,Dariel Alvarez,26,BAL,AL,12,31,29,3,7,1,0,1,1,0,0,2,8,.241,.290,.379,.670,81,11,0,0,0,0,0,9/8
31,Dario Alvarez*,26,NYM,NL,6,0,0,0,0,0,0,0,0,0,0,0,0,,,,,,0,0,0,0,0,0,/1
32,Henderson Alvarez,25,MIA,NL,4,6,6,1,2,1,0,0,1,0,0,0,1,.333,.333,.500,.833,127,3,0,0,0,0,0,/1
33,Jose Alvarez*,26,LAA,AL,64,0,0,0,0,0,0,0,0,0,0,0,0,,,,,,0,0,0,0,0,0,1
34,Pedro Alvarez*,28,PIT,NL,150,491,437,60,106,18,0,27,77,2,0,48,131,.243,.318,.469,.787,114,205,6,2,0,4,9,*3/D
35,R.J. Alvarez,24,OAK,AL,21,0,0,0,0,0,0,0,0,0,0,0,0,,,,,,0,0,0,0,0,0,1
36,Alexi Amarista*,26,SDP,NL,118,357,324,28,66,10,4,3,30,5,1,24,55,.204,.257,.287,.544,54,93,6,1,3,5,4,647/851
37,Brett Anderson*,27,LAD,NL,31,61,47,1,4,1,0,0,3,0,0,5,32,.085,.173,.106,.279,-19,5,2,0,9,0,0,1
38,Bryan Anderson*,28,OAK,AL,4,8,5,0,2,0,0,0,1,0,0,1,1,.400,.429,.400,.829,131,2,0,0,1,1,0,/2
39,Chase Anderson,27,ARI,NL,28,57,48,0,5,0,0,0,3,0,0,1,23,.104,.122,.104,.227,-38,5,2,0,8,0,0,1
40,Cody Anderson,24,CLE,AL,15,3,3,0,0,0,0,0,0,0,0,0,3,.000,.000,.000,.000,-100,0,0,0,0,0,0,1
41,Matt Andriese,25,TBR,AL,25,1,1,0,0,0,0,0,0,0,0,0,0,.000,.000,.000,.000,-100,0,0,0,0,0,0,1
42,Elvis Andrus,26,TEX,AL,160,661,596,69,154,34,2,7,62,25,9,46,78,.258,.309,.357,.667,79,213,14,2,8,9,1,*6
43,Dean Anna*,28,STL,NL,1,1,1,0,0,0,0,0,0,0,0,0,0,.000,.000,.000,.000,-100,0,0,0,0,0,0,
44,Nori Aoki*,33,SFG,NL,93,392,355,42,102,12,3,5,26,14,5,30,25,.287,.353,.380,.733,104,135,8,6,1,0,0,7/9D
45,Elvis Araujo*,23,PHI,NL,40,1,1,0,0,0,0,0,0,0,0,0,1,.000,.000,.000,.000,-100,0,0,0,0,0,0,1
46,Chris Archer,26,TBR,AL,34,5,5,0,0,0,0,0,0,0,0,0,3,.000,.000,.000,.000,-100,0,0,0,0,0,0,1
47,Oswaldo Arcia*,24,MIN,AL,19,65,58,6,16,0,0,2,8,0,0,4,15,.276,.338,.379,.718,97,22,2,2,0,1,4,7/9
48,Nolan Arenado,24,COL,NL,157,665,616,97,177,43,4,42,130,2,5,34,110,.287,.323,.575,.898,123,354,17,4,0,11,13,*5
49,J.P. Arencibia,29,TBR,AL,24,73,71,9,22,3,0,6,17,0,0,1,22,.310,.315,.606,.921,149,43,1,0,0,1,0,2/D
50,Joaquin Arias,30,SFG,NL,40,59,58,5,12,1,0,1,4,1,0,0,12,.207,.207,.276,.483,33,16,1,0,1,0,0,/5634D
51,Shawn Armstrong,24,CLE,AL,8,0,0,0,0,0,0,0,0,0,0,0,0,,,,,,0,0,0,0,0,0,/1
52,Jonathan Aro,24,BOS,AL,6,0,0,0,0,0,0,0,0,0,0,0,0,,,,,,0,0,0,0,0,0,/1
53,Jake Arrieta,29,CHC,NL,33,83,79,5,12,1,1,2,2,0,0,1,45,.152,.163,.266,.428,15,21,1,0,3,0,0,1
54,Cody Asche*,25,PHI,NL,129,456,425,41,104,22,3,12,39,1,2,26,111,.245,.294,.395,.689,87,168,4,4,0,1,3,75
55,Alec Asher,23,PHI,NL,7,6,6,0,2,1,0,0,0,0,0,0,3,.333,.333,.500,.833,125,3,0,0,0,0,0,/1
56,Nevin Ashley,30,MIL,NL,12,21,20,2,2,1,0,0,1,0,0,0,8,.100,.143,.150,.293,-20,3,0,1,0,0,0,/2
57,Scott Atchison,39,CLE,AL,23,0,0,0,0,0,0,0,0,0,0,0,0,,,,,,0,0,0,0,0,0,1
58,Phillippe Aumont*,26,PHI,NL,1,1,0,0,0,0,0,0,0,0,0,1,0,,1.000,,,,0,0,0,0,0,0,/1
59,Alex Avila*,28,DET,AL,67,219,178,21,34,5,0,4,13,0,1,40,66,.191,.339,.287,.626,77,51,4,0,1,0,0,23/D
60,Luis Avilan*,25,TOT,NL,73,1,1,0,0,0,0,0,0,0,0,0,0,.000,.000,.000,.000,-100,0,0,0,0,0,0,1
61,Luis Avilan*,25,ATL,NL,50,0,0,0,0,0,0,0,0,0,0,0,0,,,,,,0,0,0,0,0,0,1
62,Luis Avilan*,25,LAD,NL,23,1,1,0,0,0,0,0,0,0,0,0,0,.000,.000,.000,.000,-100,0,0,0,0,0,0,1
63,Mike Aviles,34,CLE,AL,98,317,290,37,67,10,0,5,17,3,1,20,38,.231,.282,.317,.599,61,92,18,1,5,1,0,7564/8D9
64,Dylan Axelrod,29,CIN,NL,6,3,2,0,0,0,0,0,0,0,0,0,1,.000,.000,.000,.000,-100,0,0,0,1,0,0,/1
65,John Axford,32,COL,NL,60,0,0,0,0,0,0,0,0,0,0,0,0,,,,,,0,0,0,0,0,0,1
66,Erick Aybar#,31,LAA,AL,156,638,597,74,161,30,1,3,44,15,6,25,73,.270,.301,.338,.639,81,202,12,4,7,5,1,*6/D
67,Burke Badenhop,32,CIN,NL,68,1,1,0,0,0,0,0,0,0,0,0,0,.000,.000,.000,.000,-100,0,0,0,0,0,0,1
68,Javier Baez,22,CHC,NL,28,80,76,4,22,6,0,1,4,1,2,4,24,.289,.325,.408,.733,101,31,0,0,0,0,1,45/63
69,Pedro Baez,27,LAD,NL,52,0,0,0,0,0,0,0,0,0,0,0,0,,,,,,0,0,0,0,0,0,1
70,Andrew Bailey,31,NYY,AL,10,0,0,0,0,0,0,0,0,0,0,0,0,,,,,,0,0,0,0,0,0,1
71,Homer Bailey,29,CIN,NL,2,4,4,0,0,0,0,0,0,0,0,0,1,.000,.000,.000,.000,-100,0,0,0,0,0,0,/1
72,Jeff Baker,34,MIA,NL,41,80,72,11,15,3,0,3,8,0,0,8,25,.208,.288,.375,.663,82,27,0,0,0,0,0,3/45D7
73,Scott Baker,33,LAD,NL,2,4,3,0,0,0,0,0,0,0,0,0,1,.000,.000,.000,.000,-100,0,0,0,1,0,0,/1
74,Collin Balester,29,CIN,NL,15,1,1,0,0,0,0,0,0,0,0,0,0,.000,.000,.000,.000,-100,0,0,0,0,0,0,1
75,Grant Balfour,37,TBR,AL,6,0,0,0,0,0,0,0,0,0,0,0,0,,,,,,0,0,0,0,0,0,/1
76,Jett Bandy,25,LAA,AL,2,2,2,1,1,0,0,1,1,0,0,0,0,.500,.500,2.000,2.500,559,4,0,0,0,0,0,/2
77,Manny Banuelos,24,ATL,NL,7,7,3,0,0,0,0,0,0,0,0,0,1,.000,.000,.000,.000,-100,0,0,0,4,0,0,/1
78,Clint Barmes,36,SDP,NL,98,224,207,24,48,14,1,3,16,0,1,10,55,.232,.281,.353,.633,78,73,0,4,3,0,2,6/3
79,Austin Barnes,25,LAD,NL,20,37,29,4,6,2,0,0,1,1,0,6,6,.207,.361,.276,.637,83,8,2,1,1,0,0,2/45
80,Brandon Barnes,29,COL,NL,106,281,255,30,64,13,2,2,17,4,2,21,67,.251,.314,.341,.655,68,87,6,3,1,1,3,798
81,Matt Barnes,25,BOS,AL,32,0,0,0,0,0,0,0,0,0,0,0,0,,,,,,0,0,0,0,0,0,1
82,Darwin Barney,29,TOT,MLB,17,30,27,4,7,1,0,2,4,0,0,1,2,.259,.286,.519,.804,116,14,0,0,2,0,0,4/56
83,Darwin Barney,29,LAD,NL,2,4,4,0,0,0,0,0,0,0,0,0,0,.000,.000,.000,.000,-100,0,0,0,0,0,0,/56
84,Darwin Barney,29,TOR,AL,15,26,23,4,7,1,0,2,4,0,0,1,2,.304,.333,.609,.942,152,14,0,0,2,0,0,4
85,Tucker Barnhart#,24,CIN,NL,81,274,242,23,61,9,0,3,18,0,1,25,45,.252,.324,.326,.650,79,79,10,2,2,3,5,2/9
86,Steven Baron,24,SEA,AL,4,11,11,0,0,0,0,0,0,0,0,0,2,.000,.000,.000,.000,-100,0,2,0,0,0,0,/2
87,Kyle Barraclough,25,MIA,NL,25,0,0,0,0,0,0,0,0,0,0,0,0,,,,,,0,0,0,0,0,0,1
88,Aaron Barrett,27,WSN,NL,40,0,0,0,0,0,0,0,0,0,0,0,0,,,,,,0,0,0,0,0,0,1
89,Yhonathan Barrios#,23,MIL,NL,5,0,0,0,0,0,0,0,0,0,0,0,0,,,,,,0,0,0,0,0,0,/1
90,Anthony Bass,27,TEX,AL,33,0,0,0,0,0,0,0,0,0,0,0,0,,,,,,0,0,0,0,0,0,1
91,Chris Bassitt,26,OAK,AL,18,2,2,0,0,0,0,0,0,0,0,0,1,.000,.000,.000,.000,-100,0,0,0,0,0,0,1
92,Antonio Bastardo,29,PIT,NL,66,2,2,0,0,0,0,0,0,0,0,0,2,.000,.000,.000,.000,-100,0,0,0,0,0,0,1
93,Trevor Bauer,24,CLE,AL,31,7,6,0,1,0,0,0,0,0,0,1,1,.167,.286,.167,.452,27,1,0,0,0,0,0,1
94,Jose Bautista,34,TOR,AL,153,666,543,108,136,29,3,40,114,8,2,110,106,.250,.377,.536,.913,148,291,19,5,0,8,2,*9D
95,Mike Baxter*,30,CHC,NL,34,66,57,6,14,1,0,0,2,0,0,7,14,.246,.348,.263,.612,72,15,3,2,0,0,1,9/3D7
96,Brandon Beachy,28,LAD,NL,2,2,2,0,0,0,0,0,0,0,0,0,1,.000,.000,.000,.000,-100,0,0,0,0,0,0,/1
97,Chris Beck,24,CHW,AL,1,0,0,0,0,0,0,0,0,0,0,0,0,,,,,,0,0,0,0,0,0,/1
98,Gordon Beckham,28,CHW,AL,100,237,211,24,44,8,0,6,20,0,1,19,43,.209,.275,.332,.607,70,70,6,2,1,4,1,54/6D
99,Tim Beckham,25,TBR,AL,82,223,203,24,45,7,4,9,37,3,1,13,69,.222,.274,.429,.702,92,87,3,3,0,4,0,46D/5
100,Cam Bedrosian,23,LAA,AL,34,0,0,0,0,0,0,0,0,0,0,0,0,,,,,,0,0,0,0,0,0,1
101,Dallas Beeler,26,CHC,NL,3,3,3,0,1,1,0,0,0,0,0,0,1,.333,.333,.667,1.000,167,2,0,0,0,0,0,/1
102,Joe Beimel*,38,SEA,AL,53,0,0,0,0,0,0,0,0,0,0,0,0,,,,,,0,0,0,0,0,0,1
103,Ronald Belisario,32,TBR,AL,6,1,1,0,0,0,0,0,0,0,0,0,0,.000,.000,.000,.000,-100,0,0,0,0,0,0,/1
104,Matt Belisle,35,STL,NL,34,0,0,0,0,0,0,0,0,0,0,0,0,,,,,,0,0,0,0,0,0,1
105,Jeff Beliveau*,28,TBR,AL,5,0,0,0,0,0,0,0,0,0,0,0,0,,,,,,0,0,0,0,0,0,/1
106,Andrew Bellatti,23,TBR,AL,17,0,0,0,0,0,0,0,0,0,0,0,0,,,,,,0,0,0,0,0,0,1
107,Brandon Belt*,27,SFG,NL,137,556,492,73,138,33,5,18,68,9,3,56,147,.280,.356,.478,.834,129,235,3,4,0,4,2,*37
108,Carlos Beltran#,38,NYY,AL,133,531,478,57,132,34,1,19,67,0,0,45,85,.276,.337,.471,.808,121,225,12,2,0,6,2,*9/D
109,Adrian Beltre,36,TEX,AL,143,619,567,83,163,32,4,18,83,1,0,41,65,.287,.334,.453,.788,110,257,18,3,0,8,4,*5/D
110,Joaquin Benoit,37,SDP,NL,67,0,0,0,0,0,0,0,0,0,0,0,0,,,,,,0,0,0,0,0,0,1
111,Christian Bergman,27,COL,NL,30,15,12,1,2,0,0,0,0,0,0,1,4,.167,.231,.167,.397,4,2,0,0,2,0,0,1
112,Doug Bernier,35,MIN,AL,4,6,5,1,1,1,0,0,2,0,0,1,3,.200,.333,.400,.733,101,2,0,0,0,0,0,/45
113,Quintin Berry*,30,CHC,NL,8,1,1,1,0,0,0,0,0,2,1,0,1,.000,.000,.000,.000,-100,0,0,0,0,0,0,/879
114,Dellin Betances,27,NYY,AL,74,0,0,0,0,0,0,0,0,0,0,0,0,,,,,,0,0,0,0,0,0,1
115,Rafael Betancourt,40,COL,NL,45,0,0,0,0,0,0,0,0,0,0,0,0,,,,,,0,0,0,0,0,0,1
116,Christian Bethancourt,23,ATL,NL,48,160,155,16,31,8,0,2,12,1,1,5,33,.200,.225,.290,.515,43,45,7,0,0,0,1,2
117,Chad Bettis,26,COL,NL,20,33,29,2,2,0,0,0,1,0,0,4,13,.069,.182,.069,.251,-32,2,0,0,0,0,0,1
118,Mookie Betts,22,BOS,AL,145,654,597,92,174,42,8,18,77,21,6,46,82,.291,.341,.479,.820,118,286,2,2,3,6,1,*89/D
119,Jeff Bianchi,28,BOS,AL,3,2,2,0,0,0,0,0,0,0,0,0,0,.000,.000,.000,.000,-100,0,0,0,0,0,0,/56
120,Chad Billingsley,30,PHI,NL,7,14,13,2,1,0,0,1,1,0,0,0,5,.077,.077,.308,.385,-1,4,1,0,1,0,0,/1
121,Greg Bird*,22,NYY,AL,46,178,157,26,41,9,0,11,31,0,0,19,53,.261,.343,.529,.871,137,83,1,1,0,1,0,3
122,Charlie Blackmon*,28,COL,NL,157,682,614,93,176,31,9,17,58,43,13,46,112,.287,.347,.450,.797,102,276,4,13,5,4,2,*87/9
123,Carson Blair,25,OAK,AL,11,35,31,3,4,0,0,1,3,0,0,4,18,.129,.229,.226,.454,26,7,1,0,0,0,0,2
124,Andres Blanco#,31,PHI,NL,106,261,233,32,68,22,3,7,25,1,1,21,44,.292,.360,.502,.863,134,117,11,4,3,0,0,546/3
125,Gregor Blanco*,31,SFG,NL,115,372,327,59,95,19,3,5,26,13,5,40,59,.291,.368,.413,.781,117,135,3,2,0,3,7,879
126,Kyle Blanks,28,TEX,AL,18,71,67,10,21,5,0,3,6,1,0,4,20,.313,.352,.522,.875,131,35,1,0,0,0,0,3/7D
127,Joe Blanton,34,TOT,MLB,36,4,4,0,0,0,0,0,0,0,0,0,1,.000,.000,.000,.000,-100,0,0,0,0,0,0,1
128,Joe Blanton,34,KCR,AL,15,1,1,0,0,0,0,0,0,0,0,0,0,.000,.000,.000,.000,-100,0,0,0,0,0,0,1
129,Joe Blanton,34,PIT,NL,21,3,3,0,0,0,0,0,0,0,0,0,1,.000,.000,.000,.000,-100,0,0,0,0,0,0,1
130,Michael Blazek,26,MIL,NL,45,4,4,0,1,1,0,0,1,0,0,0,2,.250,.250,.500,.750,98,2,0,0,0,0,0,1
131,Jerry Blevins*,31,NYM,NL,7,0,0,0,0,0,0,0,0,0,0,0,0,,,,,,0,0,0,0,0,0,/1
132,Willie Bloomquist,37,SEA,AL,35,72,69,2,11,1,0,0,4,1,1,2,13,.159,.194,.174,.368,6,12,2,1,0,0,0,/465739
133,Brett Bochy,27,SFG,NL,4,0,0,0,0,0,0,0,0,0,0,0,0,,,,,,0,0,0,0,0,0,/1
134,Brennan Boesch*,30,CIN,NL,51,94,89,4,13,2,0,1,5,1,0,4,30,.146,.191,.202,.394,8,18,0,1,0,0,0,/879D
135,Xander Bogaerts,22,BOS,AL,156,654,613,84,196,35,3,7,81,10,2,32,101,.320,.355,.421,.776,108,258,16,3,3,3,1,*6
136,Brian Bogusevic*,31,PHI,NL,22,61,58,9,15,3,0,2,5,2,0,3,21,.259,.295,.414,.709,92,24,1,0,0,0,0,9/7
137,Mike Bolsinger,27,LAD,NL,21,40,38,1,1,1,0,0,0,0,0,0,23,.026,.026,.053,.079,-78,2,0,0,2,0,0,1
138,Emilio Bonifacio#,30,CHW,AL,47,82,78,5,13,2,0,0,4,1,4,2,27,.167,.198,.192,.390,10,15,1,1,1,0,0,4/D875
139,Justin Bour*,27,MIA,NL,129,446,409,42,107,20,0,23,73,0,0,34,101,.262,.321,.479,.800,118,196,19,2,0,1,3,*3/D
140,Jason Bourgeois,33,CIN,NL,68,212,196,28,47,5,2,3,14,3,1,14,33,.240,.294,.332,.625,72,65,2,1,1,0,0,87/9
141,Peter Bourjos,28,STL,NL,117,225,195,32,39,8,3,4,13,5,8,19,59,.200,.290,.333,.623,70,65,2,6,4,1,4,8
142,Michael Bourn*,32,TOT,MLB,141,482,425,39,101,15,2,0,30,17,7,46,107,.238,.310,.282,.592,64,120,5,0,8,3,0,*87/9D
143,Michael Bourn*,32,CLE,AL,95,326,289,29,71,12,1,0,19,13,5,29,76,.246,.313,.294,.608,66,85,2,0,7,1,0,8/D7
144,Michael Bourn*,32,ATL,NL,46,156,136,10,30,3,1,0,11,4,2,17,31,.221,.303,.257,.561,59,35,3,0,1,2,0,78/9
145,Brad Boxberger,27,TBR,AL,69,0,0,0,0,0,0,0,0,0,0,0,0,,,,,,0,0,0,0,0,0,1
146,Matt Boyd*,24,TOT,AL,13,0,0,0,0,0,0,0,0,0,0,0,0,,,,,,0,0,0,0,0,0,1
147,Matt Boyd*,24,TOR,AL,2,0,0,0,0,0,0,0,0,0,0,0,0,,,,,,0,0,0,0,0,0,/1
148,Matt Boyd*,24,DET,AL,11,0,0,0,0,0,0,0,0,0,0,0,0,,,,,,0,0,0,0,0,0,1
149,Blaine Boyer,33,MIN,AL,68,0,0,0,0,0,0,0,0,0,0,0,0,,,,,,0,0,0,0,0,0,1
150,Brad Brach,29,BAL,AL,62,0,0,0,0,0,0,0,0,0,0,0,0,,,,,,0,0,0,0,0,0,1
151,Silvino Bracho,22,ARI,NL,13,0,0,0,0,0,0,0,0,0,0,0,0,,,,,,0,0,0,0,0,0,1
152,Archie Bradley,22,ARI,NL,8,14,14,0,2,0,0,0,0,0,1,0,7,.143,.143,.143,.286,-23,2,0,0,0,0,0,/1
153,Jackie Bradley*,25,BOS,AL,74,255,221,43,55,17,4,10,43,3,0,27,69,.249,.335,.498,.832,120,110,5,3,1,3,0,987
154,Michael Brantley*,28,CLE,AL,137,596,529,68,164,45,0,15,84,15,1,60,51,.310,.379,.480,.859,130,254,14,2,0,5,8,*78D
155,Rob Brantly*,25,CHW,AL,14,36,33,3,4,1,0,1,6,0,0,2,8,.121,.167,.242,.409,13,8,1,0,0,1,0,2
156,Ryan Braun,31,MIL,NL,140,568,506,87,144,27,3,25,84,24,4,54,115,.285,.356,.498,.854,130,252,20,4,0,3,4,*9/D
157,Craig Breslow*,34,BOS,AL,45,0,0,0,0,0,0,0,0,0,0,0,0,,,,,,0,0,0,0,0,0,1
158,Ryan Brett#,23,TBR,AL,3,4,3,0,2,1,0,0,0,0,0,1,0,.667,.750,1.000,1.750,384,3,0,0,0,0,0,/4
159,Jake Brigham,27,ATL,NL,12,2,1,0,0,0,0,0,0,0,0,0,1,.000,.000,.000,.000,-100,0,0,0,1,0,0,1
160,Reid Brignac*,29,MIA,NL,17,17,13,2,1,0,0,0,0,0,0,3,5,.077,.250,.077,.327,-3,1,0,0,1,0,0,/5
161,Socrates Brito*,22,ARI,NL,18,34,33,5,10,3,1,0,1,1,0,1,7,.303,.324,.455,.778,106,15,0,0,0,0,0,/987
162,Zach Britton*,27,BAL,AL,64,0,0,0,0,0,0,0,0,0,0,0,0,,,,,,0,0,0,0,0,0,1
163,Mike Broadway,28,SFG,NL,21,0,0,0,0,0,0,0,0,0,0,0,0,,,,,,0,0,0,0,0,0,1
164,Aaron Brooks,25,TOT,AL,13,2,2,0,0,0,0,0,0,0,0,0,0,.000,.000,.000,.000,-100,0,0,0,0,0,0,1
165,Aaron Brooks,25,KCR,AL,2,0,0,0,0,0,0,0,0,0,0,0,0,,,,,,0,0,0,0,0,0,/1
166,Aaron Brooks,25,OAK,AL,11,2,2,0,0,0,0,0,0,0,0,0,0,.000,.000,.000,.000,-100,0,0,0,0,0,0,1
167,Rex Brothers*,27,COL,NL,17,0,0,0,0,0,0,0,0,0,0,0,0,,,,,,0,0,0,0,0,0,1
168,Brooks Brown*,30,COL,NL,36,0,0,0,0,0,0,0,0,0,0,0,0,,,,,,0,0,0,0,0,0,1
169,Domonic Brown*,27,PHI,NL,63,204,189,19,43,6,1,5,25,3,1,14,36,.228,.284,.349,.634,73,66,2,1,0,0,0,9
170,Trevor Brown,23,SFG,NL,13,43,39,1,9,3,0,0,5,1,1,3,8,.231,.279,.308,.587,63,12,0,0,0,1,0,2
171,Jonathan Broxton,31,TOT,NL,66,0,0,0,0,0,0,0,0,0,0,0,0,,,,,,0,0,0,0,0,0,1
172,Jonathan Broxton,31,MIL,NL,40,0,0,0,0,0,0,0,0,0,0,0,0,,,,,,0,0,0,0,0,0,1
173,Jonathan Broxton,31,STL,NL,26,0,0,0,0,0,0,0,0,0,0,0,0,,,,,,0,0,0,0,0,0,1
174,Keon Broxton,25,PIT,NL,7,2,2,3,0,0,0,0,0,1,1,0,1,.000,.000,.000,.000,-100,0,0,0,0,0,0,/879
175,Jay Bruce*,28,CIN,NL,157,649,580,72,131,35,4,26,87,9,5,58,145,.226,.294,.434,.729,97,252,10,2,0,9,8,*9/D
176,Kris Bryant,23,CHC,NL,151,650,559,87,154,31,5,26,99,13,4,77,199,.275,.369,.488,.858,134,273,7,9,0,5,0,*5/7893D
177,David Buchanan,26,PHI,NL,15,23,20,2,4,1,0,0,1,0,0,2,8,.200,.273,.250,.523,45,5,0,0,1,0,0,1
178,Jake Buchanan,25,HOU,AL,5,0,0,0,0,0,0,0,0,0,0,0,0,,,,,,0,0,0,0,0,0,/1
179,Clay Buchholz*,30,BOS,AL,18,6,6,0,0,0,0,0,0,0,0,0,2,.000,.000,.000,.000,-100,0,0,0,0,0,0,1
180,Mark Buehrle*,36,TOR,AL,32,9,7,0,1,0,0,0,0,0,0,1,3,.143,.250,.143,.393,13,1,0,0,1,0,0,1
181,Madison Bumgarner,25,SFG,NL,36,81,77,9,19,2,0,5,9,0,0,3,27,.247,.275,.468,.743,102,36,1,0,1,0,0,1
182,Danny Burawa,26,TOT,MLB,13,0,0,0,0,0,0,0,0,0,0,0,0,,,,,,0,0,0,0,0,0,1
183,Danny Burawa,26,NYY,AL,1,0,0,0,0,0,0,0,0,0,0,0,0,,,,,,0,0,0,0,0,0,/1
184,Danny Burawa,26,ATL,NL,12,0,0,0,0,0,0,0,0,0,0,0,0,,,,,,0,0,0,0,0,0,1
185,Enrique Burgos,24,ARI,NL,30,0,0,0,0,0,0,0,0,0,0,0,0,,,,,,0,0,0,0,0,0,1
186,A.J. Burnett,38,PIT,NL,26,52,42,1,5,0,0,1,5,0,0,0,20,.119,.116,.190,.307,-17,8,1,0,9,1,0,1
187,Billy Burns#,25,OAK,AL,125,555,520,70,153,18,9,5,42,26,8,26,81,.294,.334,.392,.726,100,204,5,6,1,2,1,*8
188,Emmanuel Burriss#,30,WSN,NL,5,5,3,2,2,0,0,0,0,0,0,2,0,.667,.800,.667,1.467,305,2,0,0,0,0,0,/4
189,Drew Butera,31,TOT,AL,55,120,107,9,21,3,0,1,5,0,1,6,26,.196,.252,.252,.505,40,27,0,2,5,0,0,2/3
190,Drew Butera,31,LAA,AL,10,21,21,3,4,0,0,0,0,0,1,0,2,.190,.190,.190,.381,9,4,0,0,0,0,0,/23
191,Drew Butera,31,KCR,AL,45,99,86,6,17,3,0,1,5,0,0,6,24,.198,.266,.267,.533,46,23,0,2,5,0,0,2/3
192,Billy Butler,29,OAK,AL,151,601,538,63,135,28,1,15,65,0,0,52,101,.251,.323,.390,.713,96,210,26,7,0,4,4,*D/3
193,Eddie Butler,24,COL,NL,16,24,23,0,1,0,0,0,0,0,0,0,13,.043,.043,.043,.087,-78,1,0,0,1,0,0,1
194,Joey Butler,29,TBR,AL,88,276,257,30,71,12,0,8,30,5,2,16,82,.276,.326,.416,.742,106,107,16,3,0,0,0,D7/9
195,Byron Buxton,21,MIN,AL,46,138,129,16,27,7,1,2,6,2,2,6,44,.209,.250,.326,.576,57,42,1,1,2,0,0,8
196,Marlon Byrd,37,TOT,NL,135,544,506,58,125,25,5,23,73,2,1,29,145,.247,.290,.453,.743,101,229,10,4,0,5,2,*79/8D
197,Marlon Byrd,37,CIN,NL,96,388,359,46,85,13,3,19,42,2,1,23,101,.237,.286,.448,.735,98,161,6,3,0,3,1,7/89D
198,Marlon Byrd,37,SFG,NL,39,156,147,12,40,12,2,4,31,0,0,6,44,.272,.301,.463,.764,109,68,4,1,0,2,1,9/D
199,Cesar Cabral*,26,BAL,AL,2,0,0,0,0,0,0,0,0,0,0,0,0,,,,,,0,0,0,0,0,0,/1
200,Asdrubal Cabrera#,29,TBR,AL,143,551,505,66,134,28,5,15,58,6,3,36,107,.265,.315,.430,.744,105,217,14,3,1,6,4,*6/D
201,Everth Cabrera#,28,BAL,AL,29,105,96,7,20,2,0,0,4,2,0,5,22,.208,.250,.229,.479,33,22,4,1,1,2,0,6/4
202,Melky Cabrera#,30,CHW,AL,158,683,629,70,172,36,2,12,77,3,0,40,88,.273,.314,.394,.709,97,248,18,2,2,10,2,*7/D
203,Miguel Cabrera,32,DET,AL,119,511,429,64,145,28,1,18,76,1,1,77,82,.338,.440,.534,.974,170,229,19,3,0,2,15,3D
204,Ramon Cabrera#,25,CIN,NL,13,30,30,4,11,1,0,1,3,0,0,0,5,.367,.367,.500,.867,135,15,1,0,0,0,0,/2
205,Trevor Cahill,27,TOT,NL,26,8,7,0,1,0,0,0,0,0,0,1,2,.143,.250,.143,.393,13,1,0,0,0,0,0,1
206,Trevor Cahill,27,ATL,NL,15,5,5,0,1,0,0,0,0,0,0,0,2,.200,.200,.200,.400,12,1,0,0,0,0,0,1
207,Trevor Cahill,27,CHC,NL,11,3,2,0,0,0,0,0,0,0,0,1,0,.000,.333,.000,.333,3,0,0,0,0,0,0,1
208,Lorenzo Cain,29,KCR,AL,140,604,551,101,169,34,6,16,72,28,6,37,98,.307,.361,.477,.838,126,263,16,12,0,4,4,*8/9D
209,Matt Cain,30,SFG,NL,13,20,16,0,0,0,0,0,1,0,0,0,9,.000,.000,.000,.000,-100,0,0,0,3,1,0,1
210,Kole Calhoun*,27,LAA,AL,159,686,630,78,161,23,2,26,83,4,1,45,164,.256,.308,.422,.731,104,266,6,5,2,4,1,*9/3D
211,Orlando Calixte,23,KCR,AL,2,3,3,1,0,0,0,0,0,0,0,0,0,.000,.000,.000,.000,-100,0,0,0,0,0,0,/6
212,Alberto Callaspo#,32,TOT,NL,97,261,230,20,54,7,0,1,15,0,0,28,34,.235,.315,.278,.594,69,64,6,0,1,2,1,5/4D
213,Alberto Callaspo#,32,ATL,NL,37,123,107,12,22,2,0,1,8,0,0,14,10,.206,.293,.252,.545,55,27,4,0,0,2,1,5/4
214,Alberto Callaspo#,32,LAD,NL,60,138,123,8,32,5,0,0,7,0,0,14,24,.260,.336,.301,.637,82,37,2,0,1,0,0,5/D
215,Arquimedes Caminero,28,PIT,NL,73,0,0,0,0,0,0,0,0,0,0,0,0,,,,,,0,0,0,0,0,0,1
216,Eric Campbell,28,NYM,NL,71,206,173,28,34,8,0,3,19,5,3,26,37,.197,.312,.295,.607,72,51,11,4,1,2,1,5/37
217,Leonel Campos,27,SDP,NL,1,0,0,0,0,0,0,0,0,0,0,0,0,,,,,,0,0,0,0,0,0,/1
218,Mark Canha,26,OAK,AL,124,485,441,61,112,22,3,16,70,7,2,33,96,.254,.315,.426,.742,102,188,9,8,0,3,0,37/9D5
219,Robinson Cano*,32,SEA,AL,156,674,624,82,179,34,1,21,79,2,6,43,107,.287,.334,.446,.779,119,278,26,3,0,4,5,*4/D
220,Carter Capps,24,MIA,NL,30,2,2,0,1,0,0,0,0,0,0,0,1,.500,.500,.500,1.000,179,1,0,0,0,0,0,1
221,Chris Capuano*,36,NYY,AL,22,1,1,0,0,0,0,0,0,0,0,0,0,.000,.000,.000,.000,-100,0,0,0,0,0,0,1
222,Buddy Carlyle*,37,NYM,NL,11,0,0,0,0,0,0,0,0,0,0,0,0,,,,,,0,0,0,0,0,0,1
223,David Carpenter,29,TOT,MLB,30,0,0,0,0,0,0,0,0,0,0,0,0,,,,,,0,0,0,0,0,0,1
224,David Carpenter,29,NYY,AL,22,0,0,0,0,0,0,0,0,0,0,0,0,,,,,,0,0,0,0,0,0,1
225,David Carpenter,27,ATL,NL,4,0,0,0,0,0,0,0,0,0,0,0,0,,,,,,0,0,0,0,0,0,/1
226,David Carpenter,29,WSN,NL,8,0,0,0,0,0,0,0,0,0,0,0,0,,,,,,0,0,0,0,0,0,/1
227,Matt Carpenter*,29,STL,NL,154,665,574,101,156,44,3,28,84,4,3,81,151,.272,.365,.505,.871,135,290,5,6,0,4,5,*54/3
228,Carlos Carrasco,28,CLE,AL,30,3,1,0,1,0,0,0,0,0,0,0,0,1.000,1.000,1.000,2.000,443,1,0,0,2,0,0,1
229,Ezequiel Carrera*,28,TOR,AL,91,192,172,27,47,8,0,3,26,2,1,11,45,.273,.321,.372,.693,91,64,1,2,5,2,0,79/8D
230,Scott Carroll,30,CHW,AL,18,0,0,0,0,0,0,0,0,0,0,0,0,,,,,,0,0,0,0,0,0,1
231,Chris Carter,28,HOU,AL,129,460,391,50,78,17,0,24,64,1,2,57,151,.199,.307,.427,.734,100,167,5,6,0,5,1,*3/D
232,Curt Casali,26,TBR,AL,38,113,101,13,24,6,0,10,18,0,0,8,34,.238,.304,.594,.898,142,60,2,2,1,1,0,2/D
233,Andrew Cashner,28,SDP,NL,38,61,60,2,5,0,0,0,1,0,0,1,24,.083,.098,.083,.182,-48,5,0,0,0,0,0,1
234,Santiago Casilla,34,SFG,NL,67,0,0,0,0,0,0,0,0,0,0,0,0,,,,,,0,0,0,0,0,0,1
235,Nick Castellanos,23,DET,AL,154,595,549,42,140,33,6,15,73,0,3,39,152,.255,.303,.419,.721,98,230,21,1,0,6,1,*5/D
236,Rusney Castillo,27,BOS,AL,80,289,273,35,69,10,2,5,29,4,5,13,54,.253,.288,.359,.647,73,98,11,1,1,1,0,97/8D
237,Welington Castillo,28,TOT,MLB,110,378,342,42,81,15,1,19,57,0,0,25,92,.237,.296,.453,.750,99,155,12,6,0,5,1,2/D
238,Welington Castillo,28,TOT,NL,104,350,317,39,77,15,1,19,55,0,0,24,87,.243,.306,.476,.782,106,151,10,6,0,3,1,2/D
239,Welington Castillo,28,CHC,NL,24,47,43,5,7,2,0,2,5,0,0,3,12,.163,.234,.349,.583,58,15,0,1,0,0,1,/2
240,Welington Castillo,28,SEA,AL,6,28,25,3,4,0,0,0,2,0,0,1,5,.160,.179,.160,.339,-2,4,2,0,0,2,0,/2D
241,Welington Castillo,28,ARI,NL,80,303,274,34,70,13,1,17,50,0,0,21,75,.255,.317,.496,.813,114,136,10,5,0,3,0,2/D
242,Angel Castro,32,OAK,AL,5,0,0,0,0,0,0,0,0,0,0,0,0,,,,,,0,0,0,0,0,0,/1
243,Daniel Castro,22,ATL,NL,33,100,96,14,23,2,1,2,5,0,0,3,15,.240,.263,.344,.606,68,33,4,0,1,0,0,46/5
244,Jason Castro*,28,HOU,AL,104,375,337,38,71,19,0,11,31,0,0,33,115,.211,.283,.365,.648,77,123,5,2,0,3,1,2
245,Miguel Castro,20,TOT,MLB,18,0,0,0,0,0,0,0,0,0,0,0,0,,,,,,0,0,0,0,0,0,1
246,Miguel Castro,20,TOR,AL,13,0,0,0,0,0,0,0,0,0,0,0,0,,,,,,0,0,0,0,0,0,1
247,Miguel Castro,20,COL,NL,5,0,0,0,0,0,0,0,0,0,0,0,0,,,,,,0,0,0,0,0,0,/1
248,Simon Castro,27,COL,NL,11,0,0,0,0,0,0,0,0,0,0,0,0,,,,,,0,0,0,0,0,0,1
249,Starlin Castro,25,CHC,NL,151,578,547,52,145,23,2,11,69,5,5,21,91,.265,.296,.375,.671,84,205,18,5,1,4,6,*64
250,Garin Cecchini*,24,BOS,AL,2,4,4,0,0,0,0,0,0,0,0,0,3,.000,.000,.000,.000,-100,0,0,0,0,0,0,/3D
251,Brett Cecil,28,TOR,AL,63,0,0,0,0,0,0,0,0,0,0,0,0,,,,,,0,0,0,0,0,0,1
252,Darrell Ceciliani*,25,NYM,NL,39,75,68,5,14,2,0,1,3,5,1,4,25,.206,.270,.279,.550,55,19,0,2,0,0,0,7/8
253,Xavier Cedeno*,28,TOT,MLB,66,0,0,0,0,0,0,0,0,0,0,0,0,,,,,,0,0,0,0,0,0,1
254,Xavier Cedeno*,28,WSN,NL,5,0,0,0,0,0,0,0,0,0,0,0,0,,,,,,0,0,0,0,0,0,/1
255,Xavier Cedeno*,28,TBR,AL,61,0,0,0,0,0,0,0,0,0,0,0,0,,,,,,0,0,0,0,0,0,1
256,Juan Centeno*,25,MIL,NL,10,23,21,0,1,1,0,0,0,0,0,2,7,.048,.130,.095,.226,-37,2,0,0,0,0,0,/2
257,Francisco Cervelli,29,PIT,NL,130,510,451,56,133,17,5,7,43,1,1,46,94,.295,.370,.401,.771,114,181,12,8,4,1,1,*2/D
258,Yoenis Cespedes,29,TOT,MLB,159,676,633,101,184,42,6,35,105,7,5,33,141,.291,.328,.542,.870,137,343,14,5,0,5,5,*78/D
259,Yoenis Cespedes,29,DET,AL,102,427,403,62,118,28,2,18,61,3,4,19,87,.293,.323,.506,.829,126,204,9,1,0,4,2,7/D
260,Yoenis Cespedes,29,NYM,NL,57,249,230,39,66,14,4,17,44,4,1,14,54,.287,.337,.604,.942,157,139,5,4,0,1,3,87/D
261,Jhoulys Chacin,27,ARI,NL,5,9,8,0,1,0,0,0,0,0,0,0,4,.125,.125,.125,.250,-33,1,0,0,1,0,0,/1
262,Andrew Chafin,25,ARI,NL,66,3,3,0,0,0,0,0,0,0,0,0,1,.000,.000,.000,.000,-100,0,0,0,0,0,0,1
263,Joba Chamberlain,29,TOT,AL,36,0,0,0,0,0,0,0,0,0,0,0,0,,,,,,0,0,0,0,0,0,1
264,Joba Chamberlain,29,DET,AL,30,0,0,0,0,0,0,0,0,0,0,0,0,,,,,,0,0,0,0,0,0,1
265,Joba Chamberlain,29,KCR,AL,6,0,0,0,0,0,0,0,0,0,0,0,0,,,,,,0,0,0,0,0,0,/1
266,Aroldis Chapman*,27,CIN,NL,65,1,1,1,0,0,0,0,0,0,0,0,0,.000,.000,.000,.000,-100,0,0,0,0,0,0,1
267,Kevin Chapman*,27,HOU,AL,3,0,0,0,0,0,0,0,0,0,0,0,0,,,,,,0,0,0,0,0,0,/1
268,Jesse Chavez,31,OAK,AL,30,5,3,0,1,0,0,0,0,0,0,0,2,.333,.333,.333,.667,85,1,0,0,2,0,0,1
269,Bruce Chen*,38,CLE,AL,2,0,0,0,0,0,0,0,0,0,0,0,0,,,,,,0,0,0,0,0,0,/1
270,Wei-Yin Chen*,29,BAL,AL,31,0,0,0,0,0,0,0,0,0,0,0,0,,,,,,0,0,0,0,0,0,1
271,Robinson Chirinos,31,TEX,AL,78,273,233,33,54,16,1,10,34,0,0,28,62,.232,.325,.438,.762,103,102,4,5,5,2,0,2
272,Lonnie Chisenhall*,26,CLE,AL,106,362,333,38,82,19,1,7,44,4,1,23,69,.246,.294,.372,.667,78,124,0,1,2,3,3,95/D
273,Randy Choate*,39,STL,NL,71,1,0,0,0,0,0,0,0,0,0,1,0,,1.000,,,,0,0,0,0,0,0,1
274,Michael Choice,25,TEX,AL,1,1,1,0,0,0,0,0,0,0,0,0,1,.000,.000,.000,.000,-100,0,0,0,0,0,0,/9
275,Shin-Soo Choo*,32,TEX,AL,149,653,555,94,153,32,3,22,82,4,2,76,147,.276,.375,.463,.838,124,257,7,15,2,5,1,*9/D
276,Tony Cingrani*,25,CIN,NL,35,2,2,1,0,0,0,0,1,0,0,0,1,.000,.000,.000,.000,-100,0,0,0,0,0,0,1
277,Pedro Ciriaco,29,ATL,NL,84,151,142,14,37,8,1,1,15,4,2,2,38,.261,.275,.352,.627,74,50,1,2,2,3,0,5/643D7
278,Steve Cishek,29,TOT,NL,59,0,0,0,0,0,0,0,0,0,0,0,0,,,,,,0,0,0,0,0,0,1
279,Steve Cishek,29,MIA,NL,32,0,0,0,0,0,0,0,0,0,0,0,0,,,,,,0,0,0,0,0,0,1
280,Steve Cishek,29,STL,NL,27,0,0,0,0,0,0,0,0,0,0,0,0,,,,,,0,0,0,0,0,0,1
281,Alex Claudio*,23,TEX,AL,18,0,0,0,0,0,0,0,0,0,0,0,0,,,,,,0,0,0,0,0,0,1
282,Steve Clevenger*,29,BAL,AL,30,105,101,11,29,4,2,2,15,0,0,4,13,.287,.314,.426,.740,100,43,3,0,0,0,1,D/23
283,Tyler Clippard,30,TOT,MLB,69,1,1,0,0,0,0,0,0,0,0,0,0,.000,.000,.000,.000,-100,0,0,0,0,0,0,1
284,Tyler Clippard,30,OAK,AL,37,0,0,0,0,0,0,0,0,0,0,0,0,,,,,,0,0,0,0,0,0,1
285,Tyler Clippard,30,NYM,NL,32,1,1,0,0,0,0,0,0,0,0,0,0,.000,.000,.000,.000,-100,0,0,0,0,0,0,1
286,Chris Coghlan*,30,CHC,NL,148,503,440,64,110,25,6,16,41,11,2,58,94,.250,.341,.443,.784,114,195,8,3,1,1,6,*794/35
287,Phil Coke*,32,TOT,MLB,18,0,0,0,0,0,0,0,0,0,0,0,0,,,,,,0,0,0,0,0,0,1
288,Phil Coke*,32,CHC,NL,16,0,0,0,0,0,0,0,0,0,0,0,0,,,,,,0,0,0,0,0,0,1
289,Phil Coke*,32,TOR,AL,2,0,0,0,0,0,0,0,0,0,0,0,0,,,,,,0,0,0,0,0,0,/1
290,Chris Colabello,31,TOR,AL,101,360,333,55,107,19,1,15,54,2,0,22,96,.321,.367,.520,.886,141,173,12,3,0,2,0,379D
291,A.J. Cole,23,WSN,NL,3,2,2,0,0,0,0,0,0,0,0,0,0,.000,.000,.000,.000,-100,0,1,0,0,0,0,/1
292,Gerrit Cole,24,PIT,NL,33,71,60,5,9,0,0,0,2,0,0,2,28,.150,.177,.150,.327,-8,9,0,0,9,0,0,1
293,Dusty Coleman,28,KCR,AL,4,5,5,0,0,0,0,0,0,0,0,0,3,.000,.000,.000,.000,-100,0,0,0,0,0,0,/5
294,Louis Coleman,29,KCR,AL,4,0,0,0,0,0,0,0,0,0,0,0,0,,,,,,0,0,0,0,0,0,/1
295,Tyler Collins*,25,DET,AL,60,207,192,18,51,11,3,4,25,2,1,13,43,.266,.316,.417,.732,102,80,2,1,1,0,0,7D/9
296,Josh Collmenter,29,ARI,NL,44,32,27,2,5,0,0,0,1,0,0,3,9,.185,.267,.185,.452,24,5,1,0,2,0,0,1
297,Alex Colome,26,TBR,AL,43,0,0,0,0,0,0,0,0,0,0,0,0,,,,,,0,0,0,0,0,0,1
298,Bartolo Colon,42,NYM,NL,33,64,58,2,8,1,0,0,4,0,0,0,24,.138,.150,.155,.305,-14,9,2,1,4,1,0,1
299,Christian Colon,26,KCR,AL,43,119,107,8,31,5,0,0,6,3,2,11,17,.290,.356,.336,.692,91,36,2,0,1,0,0,64/5
300,Michael Conforto*,22,NYM,NL,56,194,174,30,47,14,0,9,26,0,1,17,39,.270,.335,.506,.841,132,88,4,1,0,2,0,7
301,Hank Conger#,27,HOU,AL,73,229,201,25,46,11,0,11,33,0,1,23,63,.229,.311,.448,.759,106,90,6,2,1,2,0,2/7
302,Adam Conley*,25,MIA,NL,15,22,18,0,4,0,0,0,1,0,0,0,8,.222,.222,.222,.444,24,4,0,0,4,0,0,1
303,Carlos Contreras,24,CIN,NL,22,0,0,0,0,0,0,0,0,0,0,0,0,,,,,,0,0,0,0,0,0,1
304,Ryan Cook,28,TOT,AL,9,0,0,0,0,0,0,0,0,0,0,0,0,,,,,,0,0,0,0,0,0,/1
305,Ryan Cook,28,OAK,AL,4,0,0,0,0,0,0,0,0,0,0,0,0,,,,,,0,0,0,0,0,0,/1
306,Ryan Cook,28,BOS,AL,5,0,0,0,0,0,0,0,0,0,0,0,0,,,,,,0,0,0,0,0,0,/1
307,Tim Cooney*,24,STL,NL,6,11,10,1,3,1,0,0,0,0,0,0,0,.300,.300,.400,.700,89,4,0,0,1,0,0,/1
308,Scott Copeland,27,TOR,AL,5,1,1,0,0,0,0,0,0,0,0,0,1,.000,.000,.000,.000,-100,0,0,0,0,0,0,/1
309,Patrick Corbin*,25,ARI,NL,16,29,25,1,3,0,0,0,3,0,0,3,11,.120,.214,.120,.334,-7,3,1,0,1,0,0,1
310,Erik Cordier,29,MIA,NL,8,1,0,0,0,0,0,0,0,0,0,0,0,,,,,,0,0,0,1,0,0,/1
311,John Cornely,26,ATL,NL,1,0,0,0,0,0,0,0,0,0,0,0,0,,,,,,0,0,0,0,0,0,/1
312,Carlos Corporan#,31,TEX,AL,33,121,107,10,19,4,0,3,15,0,0,6,40,.178,.244,.299,.543,45,32,1,4,2,2,0,2/D
313,Carlos Correa,20,HOU,AL,99,432,387,52,108,22,1,22,68,14,4,40,78,.279,.345,.512,.857,132,198,10,1,0,4,2,6
314,Kevin Correia,34,PHI,NL,5,7,6,0,1,0,0,0,0,0,0,0,1,.167,.167,.167,.333,-8,1,0,0,1,0,0,/1
315,Jarred Cosart,25,MIA,NL,15,18,17,0,1,0,0,0,1,0,0,0,8,.059,.059,.059,.118,-67,1,0,0,1,0,0,1
316,Caleb Cotham,27,NYY,AL,12,0,0,0,0,0,0,0,0,0,0,0,0,,,,,,0,0,0,0,0,0,1
317,Neal Cotts*,35,TOT,MLB,68,0,0,0,0,0,0,0,0,0,0,0,0,,,,,,0,0,0,0,0,0,1
318,Neal Cotts*,35,MIL,NL,51,0,0,0,0,0,0,0,0,0,0,0,0,,,,,,0,0,0,0,0,0,1
319,Neal Cotts*,35,MIN,AL,17,0,0,0,0,0,0,0,0,0,0,0,0,,,,,,0,0,0,0,0,0,1
320,Daniel Coulombe*,25,TOT,MLB,14,1,1,0,0,0,0,0,0,0,0,0,1,.000,.000,.000,.000,-100,0,0,0,0,0,0,1
321,Daniel Coulombe*,25,LAD,NL,5,1,1,0,0,0,0,0,0,0,0,0,1,.000,.000,.000,.000,-100,0,0,0,0,0,0,/1
322,Daniel Coulombe*,25,OAK,AL,9,0,0,0,0,0,0,0,0,0,0,0,0,,,,,,0,0,0,0,0,0,/1
323,Kaleb Cowart#,23,LAA,AL,34,52,46,8,8,2,0,1,4,1,1,5,19,.174,.255,.283,.538,52,13,1,0,1,0,0,5
324,Collin Cowgill,29,LAA,AL,55,74,69,10,13,2,1,1,2,2,1,4,19,.188,.233,.290,.523,47,20,1,0,1,0,0,7/89D
325,Zack Cozart,29,CIN,NL,53,214,194,28,50,10,1,9,28,3,3,14,29,.258,.310,.459,.769,108,89,4,2,1,3,1,6
326,Allen Craig,30,BOS,AL,36,88,79,6,12,1,0,1,3,0,0,7,26,.152,.239,.203,.441,21,16,2,2,0,0,0,/D973
327,Tyler Cravy,25,MIL,NL,14,10,8,0,0,0,0,0,0,0,0,0,3,.000,.000,.000,.000,-100,0,0,0,2,0,0,1
328,Brandon Crawford*,28,SFG,NL,143,561,507,65,130,33,4,21,84,6,4,39,119,.256,.321,.462,.782,114,234,18,11,0,4,9,*6
329,Carl Crawford*,33,LAD,NL,69,193,181,19,48,9,2,4,16,10,2,10,41,.265,.304,.403,.707,97,73,3,0,0,0,1,7/D
330,Coco Crisp#,35,OAK,AL,44,139,126,11,22,6,0,0,6,2,0,13,25,.175,.252,.222,.474,33,28,2,0,0,0,0,7
331,Kyle Crockett*,23,CLE,AL,31,0,0,0,0,0,0,0,0,0,0,0,0,,,,,,0,0,0,0,0,0,1
332,C.J. Cron,25,LAA,AL,113,404,378,37,99,17,1,16,51,3,1,17,82,.262,.300,.439,.739,106,166,9,5,0,3,1,3D
333,Nelson Cruz,34,SEA,AL,152,655,590,90,178,22,1,44,93,3,2,59,164,.302,.369,.566,.936,161,334,6,5,0,1,9,9D
334,Tony Cruz,28,STL,NL,69,151,142,6,29,7,1,2,11,0,0,6,32,.204,.235,.310,.545,47,44,6,0,2,1,0,2/5
335,Michael Cuddyer,36,NYM,NL,117,408,379,44,98,18,1,10,41,2,0,24,88,.259,.309,.391,.699,95,148,13,4,0,1,0,73/9D
336,Johnny Cueto,29,TOT,MLB,32,43,37,1,6,0,0,0,0,0,0,1,10,.162,.184,.162,.346,-4,6,0,0,5,0,0,1
337,Johnny Cueto,29,CIN,NL,19,43,37,1,6,0,0,0,0,0,0,1,10,.162,.184,.162,.346,-4,6,0,0,5,0,0,1
338,Johnny Cueto,29,KCR,AL,13,0,0,0,0,0,0,0,0,0,0,0,0,,,,,,0,0,0,0,0,0,1
339,Brandon Cunniff,26,ATL,NL,39,0,0,0,0,0,0,0,0,0,0,0,0,,,,,,0,0,0,0,0,0,1
340,Todd Cunningham#,26,ATL,NL,39,93,86,13,19,4,0,0,4,2,1,5,17,.221,.280,.267,.547,54,23,1,2,0,0,1,7/98
341,Cheslor Cuthbert,22,KCR,AL,19,50,46,6,10,2,1,1,8,0,0,4,9,.217,.280,.370,.650,75,17,0,0,0,0,0,5/34D
342,Chase d'Arnaud,28,PHI,NL,11,18,17,2,3,0,1,0,0,0,1,1,7,.176,.222,.294,.516,40,5,0,0,0,0,0,/65
343,Travis d'Arnaud,26,NYM,NL,67,268,239,31,64,14,1,12,41,0,0,23,49,.268,.340,.485,.825,128,116,7,4,0,2,0,2
344,John Danks*,30,CHW,AL,30,0,0,0,0,0,0,0,0,0,0,0,0,,,,,,0,0,0,0,0,0,1
345,Jordan Danks*,28,PHI,NL,4,4,4,0,0,0,0,0,0,0,0,0,2,.000,.000,.000,.000,-100,0,0,0,0,0,0,/7
346,Kyle Davies,31,NYY,AL,1,0,0,0,0,0,0,0,0,0,0,0,0,,,,,,0,0,0,0,0,0,/1
347,Zach Davies,22,MIL,NL,6,14,13,1,1,0,0,0,0,0,0,0,3,.077,.077,.077,.154,-58,1,0,0,1,0,0,/1
348,Chris Davis*,29,BAL,AL,160,670,573,100,150,31,0,47,117,2,3,84,208,.262,.361,.562,.923,147,322,6,8,0,5,6,*39D
349,Ike Davis*,28,OAK,AL,74,239,214,19,49,17,0,3,20,0,0,23,44,.229,.301,.350,.652,79,75,5,0,0,2,0,3/1D
350,Khris Davis,27,MIL,NL,121,440,392,54,97,16,2,27,66,6,2,44,122,.247,.323,.505,.828,122,198,9,1,0,3,1,7
351,Rajai Davis,34,DET,AL,112,370,341,55,88,16,11,8,30,18,8,22,76,.258,.306,.440,.746,104,150,5,3,1,3,0,879/D
352,Wade Davis,29,KCR,AL,69,0,0,0,0,0,0,0,0,0,0,0,0,,,,,,0,0,0,0,0,0,1
353,Alejandro De Aza*,31,TOT,MLB,114,365,325,51,85,17,7,7,35,7,5,31,84,.262,.333,.422,.755,104,137,6,5,2,2,3,79/D8
354,Alejandro De Aza*,31,TOT,AL,90,290,264,39,69,13,6,7,32,5,3,19,70,.261,.319,.436,.755,102,115,3,4,2,1,3,79/8D
355,Alejandro De Aza*,31,BAL,AL,30,112,103,16,22,4,1,3,7,2,2,7,34,.214,.277,.359,.636,72,37,1,2,0,0,2,79
356,Alejandro De Aza*,31,BOS,AL,60,178,161,23,47,9,5,4,25,3,1,12,36,.292,.347,.484,.831,121,78,2,2,2,1,1,79/8D
357,Alejandro De Aza*,31,SFG,NL,24,75,61,12,16,4,1,0,3,2,2,12,14,.262,.387,.361,.747,110,22,3,1,0,1,0,7/D
358,Justin De Fratus#,27,PHI,NL,61,3,3,0,1,0,0,0,0,0,0,0,1,.333,.333,.333,.667,84,1,0,0,0,0,0,1
359,Ivan De Jesus,28,CIN,NL,76,222,201,15,49,10,2,4,28,0,2,19,55,.244,.311,.373,.684,87,75,3,1,0,1,0,4756/3
360,Jorge De La Rosa*,34,COL,NL,26,50,48,0,3,0,0,0,3,0,0,0,18,.063,.063,.063,.125,-68,3,1,0,2,0,0,1
361,Rubby De La Rosa,26,ARI,NL,32,68,64,3,6,0,0,0,2,0,0,0,25,.094,.094,.094,.188,-49,6,0,0,4,0,0,1
362,Abel De Los Santos,22,WSN,NL,2,0,0,0,0,0,0,0,0,0,0,0,0,,,,,,0,0,0,0,0,0,/1
363,Jose De Paula,27,NYY,AL,1,0,0,0,0,0,0,0,0,0,0,0,0,,,,,,0,0,0,0,0,0,/1
364,Cody Decker,28,SDP,NL,8,12,11,0,0,0,0,0,1,0,0,0,5,.000,.000,.000,.000,-100,0,1,0,0,1,0,/3
365,Jaff Decker*,25,PIT,NL,23,36,28,8,6,1,1,0,1,0,0,7,9,.214,.371,.321,.693,95,9,0,0,1,0,0,/7981
366,Sam Deduno,31,HOU,AL,9,0,0,0,0,0,0,0,0,0,0,0,0,,,,,,0,0,0,0,0,0,/1
367,Jacob deGrom*,27,NYM,NL,31,66,59,3,11,1,0,0,4,0,0,3,16,.186,.226,.203,.429,22,12,4,0,4,0,0,1
368,David DeJesus*,35,TOT,AL,112,317,288,27,67,9,2,5,30,3,2,21,52,.233,.297,.330,.626,76,95,5,6,0,2,1,7D/98
369,David DeJesus*,35,TBR,AL,82,257,232,24,60,8,2,5,26,3,2,19,39,.259,.323,.375,.698,95,87,4,4,0,2,1,7D/9
370,David DeJesus*,35,LAA,AL,30,60,56,3,7,1,0,0,4,0,0,2,13,.125,.183,.143,.326,-5,8,1,2,0,0,0,7/89
371,Steve Delabar,31,TOR,AL,31,0,0,0,0,0,0,0,0,0,0,0,0,,,,,,0,0,0,0,0,0,1
372,Randall Delgado,25,ARI,NL,64,2,1,0,0,0,0,0,0,0,0,0,1,.000,.000,.000,.000,-100,0,0,0,1,0,0,1
373,Matt den Dekker*,27,WSN,NL,55,110,99,12,25,6,1,5,12,0,1,9,20,.253,.315,.485,.800,113,48,0,0,2,0,0,79/8
374,Chris Denorfia,34,CHC,NL,103,231,212,18,57,11,1,3,18,0,1,15,56,.269,.319,.373,.691,90,79,7,1,2,1,1,79/81
375,Daniel Descalso*,28,COL,NL,101,209,185,22,38,3,2,5,22,1,2,20,45,.205,.283,.324,.607,55,60,3,0,4,0,6,64/359
376,Anthony DeSclafani,25,CIN,NL,31,64,58,1,9,1,0,0,3,0,0,3,33,.155,.194,.172,.366,2,10,0,0,2,1,0,1
377,Delino DeShields,22,TEX,AL,121,492,425,83,111,22,10,2,37,25,8,53,101,.261,.344,.374,.718,94,159,1,3,7,4,1,*87/D4
378,Ian Desmond,29,WSN,NL,156,641,583,69,136,27,2,19,62,13,5,45,187,.233,.290,.384,.674,81,224,9,3,6,4,0,*6
379,Odrisamer Despaigne,28,SDP,NL,34,34,30,0,2,1,0,0,0,0,0,1,11,.067,.097,.100,.197,-44,3,1,0,3,0,0,1
380,Ross Detwiler,29,TOT,MLB,41,1,1,0,0,0,0,0,0,0,0,0,1,.000,.000,.000,.000,-100,0,0,0,0,0,0,1
381,Ross Detwiler,29,TEX,AL,17,0,0,0,0,0,0,0,0,0,0,0,0,,,,,,0,0,0,0,0,0,1
382,Ross Detwiler,29,ATL,NL,24,1,1,0,0,0,0,0,0,0,0,0,1,.000,.000,.000,.000,-100,0,0,0,0,0,0,1
383,Elias Diaz,24,PIT,NL,2,2,2,0,0,0,0,0,0,0,0,0,1,.000,.000,.000,.000,-100,0,0,0,0,0,0,
384,Jairo Diaz,24,COL,NL,21,0,0,0,0,0,0,0,0,0,0,0,0,,,,,,0,0,0,0,0,0,1
385,Jonathan Diaz,30,TOR,AL,7,16,13,1,2,0,0,0,2,0,0,1,3,.154,.267,.154,.421,21,2,0,1,1,0,0,/67
386,Jumbo Diaz,31,CIN,NL,61,0,0,0,0,0,0,0,0,0,0,0,0,,,,,,0,0,0,0,0,0,1
387,Alex Dickerson*,25,SDP,NL,11,8,8,0,2,0,0,0,0,0,0,0,3,.250,.250,.250,.500,42,2,1,0,0,0,0,/7
388,Corey Dickerson*,26,COL,NL,65,234,224,30,68,18,2,10,31,0,1,10,56,.304,.333,.536,.869,117,120,3,0,0,0,0,7/8D
389,R.A. Dickey,40,TOR,AL,33,4,3,0,0,0,0,0,0,0,0,0,1,.000,.000,.000,.000,-100,0,0,0,1,0,0,1
390,Jake Diekman*,28,TOT,MLB,67,0,0,0,0,0,0,0,0,0,0,0,0,,,,,,0,0,0,0,0,0,1
391,Jake Diekman*,28,PHI,NL,41,0,0,0,0,0,0,0,0,0,0,0,0,,,,,,0,0,0,0,0,0,1
392,Jake Diekman*,28,TEX,AL,26,0,0,0,0,0,0,0,0,0,0,0,0,,,,,,0,0,0,0,0,0,1
393,Derek Dietrich*,25,MIA,NL,90,289,250,38,64,14,3,10,24,0,2,23,65,.256,.346,.456,.802,120,114,4,13,0,3,2,75/34D
394,Wilmer Difo#,23,WSN,NL,15,11,11,1,2,0,0,0,0,0,0,0,2,.182,.182,.182,.364,-1,2,0,0,0,0,0,/4
395,Chris Dominguez,28,CIN,NL,14,23,23,2,6,1,1,1,3,0,0,0,12,.261,.261,.522,.783,108,12,0,0,0,0,0,/379
396,Jose Dominguez,24,TBR,AL,4,0,0,0,0,0,0,0,0,0,0,0,0,,,,,,0,0,0,0,0,0,/1
397,Josh Donaldson,29,TOR,AL,158,711,620,122,184,41,2,41,123,6,0,73,133,.297,.371,.568,.939,154,352,16,6,2,10,0,*5/D
398,Sean Doolittle*,28,OAK,AL,12,0,0,0,0,0,0,0,0,0,0,0,0,,,,,,0,0,0,0,0,0,1
399,Danny Dorn*,30,ARI,NL,23,32,30,0,5,1,0,0,3,0,0,2,10,.167,.219,.200,.419,13,6,1,0,0,0,0,/93
400,Felix Doubront*,27,TOT,AL,16,0,0,0,0,0,0,0,0,0,0,0,0,,,,,,0,0,0,0,0,0,1
