1201,Jose Ramirez,25,SEA,AL,5,0,0,0,0,0,0,0,0,0,0,0,0,,,,,,0,0,0,0,0,0,/1
1202,Neil Ramirez,26,CHC,NL,19,0,0,0,0,0,0,0,0,0,0,0,0,,,,,,0,0,0,0,0,0,1
1203,Noe Ramirez,25,BOS,AL,17,0,0,0,0,0,0,0,0,0,0,0,0,,,,,,0,0,0,0,0,0,1
1204,A.J. Ramos,28,MIA,NL,71,0,0,0,0,0,0,0,0,0,0,0,0,,,,,,0,0,0,0,0,0,1
1205,Cesar Ramos*,31,LAA,AL,65,0,0,0,0,0,0,0,0,0,0,0,0,,,,,,0,0,0,0,0,0,1
1206,Wilson Ramos,27,WSN,NL,128,504,475,41,109,16,0,15,68,0,0,21,101,.229,.258,.358,.616,65,170,16,0,0,8,2,*2/D
1207,Anthony Ranaudo,25,TEX,AL,4,2,2,0,0,0,0,0,0,0,0,0,2,.000,.000,.000,.000,-100,0,0,0,0,0,0,/1
1208,Colby Rasmus*,28,HOU,AL,137,485,432,67,103,23,2,25,61,2,1,47,154,.238,.314,.475,.789,113,205,6,2,1,3,0,*789
1209,Cory Rasmus,27,LAA,AL,16,1,1,0,0,0,0,0,0,0,0,0,0,.000,.000,.000,.000,-100,0,0,0,0,0,0,1
1210,Rob Rasmussen,26,TOT,AL,20,0,0,0,0,0,0,0,0,0,0,0,0,,,,,,0,0,0,0,0,0,1
1211,Rob Rasmussen,26,TOR,AL,1,0,0,0,0,0,0,0,0,0,0,0,0,,,,,,0,0,0,0,0,0,/1
1212,Rob Rasmussen,26,SEA,AL,19,0,0,0,0,0,0,0,0,0,0,0,0,,,,,,0,0,0,0,0,0,1
1213,Josh Ravin,27,LAD,NL,9,0,0,0,0,0,0,0,0,0,0,0,0,,,,,,0,0,0,0,0,0,/1
1214,Robbie Ray*,23,ARI,NL,23,36,31,0,3,1,0,0,0,0,0,0,14,.097,.097,.129,.226,-40,4,0,0,5,0,0,1
1215,Colin Rea,24,SDP,NL,7,12,9,2,2,1,0,0,0,0,0,1,4,.222,.300,.333,.633,79,3,0,0,2,0,0,/1
1216,J.T. Realmuto,24,MIA,NL,126,467,441,49,114,21,7,10,47,8,4,19,70,.259,.290,.406,.696,90,179,11,2,1,4,2,*2
1217,Chris Rearick*,27,SDP,NL,5,0,0,0,0,0,0,0,0,0,0,0,0,,,,,,0,0,0,0,0,0,/1
1218,Anthony Recker,31,NYM,NL,32,92,80,6,10,1,0,2,5,1,0,11,35,.125,.239,.213,.452,28,17,1,1,0,0,2,2/35
1219,Josh Reddick*,28,OAK,AL,149,582,526,67,143,25,4,20,77,10,2,49,65,.272,.333,.449,.781,113,236,7,0,1,2,1,*9/D8
1220,Todd Redmond,30,TOR,AL,7,0,0,0,0,0,0,0,0,0,0,0,0,,,,,,0,0,0,0,0,0,/1
1221,Addison Reed*,26,TOT,NL,55,2,2,0,0,0,0,0,0,0,0,0,0,.000,.000,.000,.000,-100,0,0,0,0,0,0,1
1222,Addison Reed*,26,ARI,NL,38,2,2,0,0,0,0,0,0,0,0,0,0,.000,.000,.000,.000,-100,0,0,0,0,0,0,1
1223,Addison Reed*,26,NYM,NL,17,0,0,0,0,0,0,0,0,0,0,0,0,,,,,,0,0,0,0,0,0,1
1224,Chris Reed*,25,MIA,NL,2,0,0,0,0,0,0,0,0,0,0,0,0,,,,,,0,0,0,0,0,0,/1
1225,Michael Reed,22,MIL,NL,7,6,6,2,2,1,0,0,0,0,0,0,3,.333,.333,.500,.833,124,3,0,0,0,0,0,/9
1226,Rob Refsnyder,24,NYY,AL,16,47,43,3,13,3,0,2,5,2,0,3,7,.302,.348,.512,.859,134,22,3,0,0,0,1,4
1227,Nolan Reimold,31,BAL,AL,61,195,170,24,42,5,1,6,20,0,0,23,47,.247,.344,.394,.738,102,67,2,2,0,0,2,79/8D
1228,Anthony Rendon,25,WSN,NL,80,355,311,43,82,16,0,5,25,1,2,36,70,.264,.344,.363,.707,92,113,8,4,0,4,0,45
1229,Ben Revere*,27,TOT,MLB,152,634,592,84,181,22,7,2,45,31,7,32,64,.306,.342,.377,.719,98,223,5,2,5,3,0,*789
1230,Ben Revere*,27,PHI,NL,96,388,366,49,109,13,6,1,26,24,5,19,36,.298,.334,.374,.709,94,137,4,1,2,0,0,789
1231,Ben Revere*,27,TOR,AL,56,246,226,35,72,9,1,1,19,7,2,13,28,.319,.354,.381,.734,103,86,1,1,3,3,0,7/8
1232,Jo-Jo Reyes*,30,LAA,AL,1,0,0,0,0,0,0,0,0,0,0,0,0,,,,,,0,0,0,0,0,0,/1
1233,Jose Reyes#,32,TOT,MLB,116,519,481,57,132,25,2,7,53,24,6,26,62,.274,.310,.378,.688,83,182,6,0,9,3,0,*6
1234,Jose Reyes#,32,TOR,AL,69,311,288,36,82,17,0,4,34,16,2,17,38,.285,.322,.385,.708,95,111,3,0,4,2,0,6
1235,Jose Reyes#,32,COL,NL,47,208,193,21,50,8,2,3,19,8,4,9,24,.259,.291,.368,.659,67,71,3,0,5,1,0,6
1236,Mark Reynolds,31,STL,NL,140,432,382,35,88,21,2,13,48,2,3,44,121,.230,.315,.398,.713,93,152,10,4,0,2,2,35/7D49
1237,Matt Reynolds*,30,ARI,NL,18,0,0,0,0,0,0,0,0,0,0,0,0,,,,,,0,0,0,0,0,0,1
1238,Clayton Richard*,31,CHC,NL,23,15,14,1,2,2,0,0,3,0,0,1,6,.143,.200,.286,.486,32,4,0,0,0,0,0,1
1239,Garrett Richards,27,LAA,AL,32,0,0,0,0,0,0,0,0,0,0,0,0,,,,,,0,0,0,0,0,0,1
1240,C.J. Riefenhauser*,25,TBR,AL,17,0,0,0,0,0,0,0,0,0,0,0,0,,,,,,0,0,0,0,0,0,1
1241,Andre Rienzo,26,MIA,NL,14,2,2,0,0,0,0,0,0,0,0,0,0,.000,.000,.000,.000,-100,0,0,0,0,0,0,1
1242,Alex Rios,34,KCR,AL,105,411,385,40,98,22,2,4,32,9,0,15,67,.255,.287,.353,.640,73,136,10,5,0,6,0,9
1243,Rene Rivera,31,TBR,AL,110,319,298,16,53,14,0,5,26,0,0,11,86,.178,.213,.275,.489,35,82,4,3,5,2,0,2/3D
1244,Yadiel Rivera,23,MIL,NL,7,15,14,0,1,0,0,0,0,0,0,0,4,.071,.071,.071,.143,-61,1,0,0,1,0,0,/465
1245,Felipe Rivero*,23,WSN,NL,49,0,0,0,0,0,0,0,0,0,0,0,0,,,,,,0,0,0,0,0,0,1
1246,Anthony Rizzo*,25,CHC,NL,160,701,586,94,163,38,3,31,101,17,6,78,105,.278,.387,.512,.899,145,300,9,30,0,7,9,*3
1247,Donn Roach,25,CHC,NL,1,1,1,0,1,0,0,0,1,0,0,0,0,1.000,1.000,1.000,2.000,455,1,0,0,0,0,0,/1
1248,Tanner Roark,28,WSN,NL,40,29,27,1,5,2,0,0,0,0,0,0,9,.185,.185,.259,.444,19,7,0,0,2,0,0,1
1249,Kenny Roberts*,27,TOT,NL,15,0,0,0,0,0,0,0,0,0,0,0,0,,,,,,0,0,0,0,0,0,1
1250,Kenny Roberts*,27,COL,NL,9,0,0,0,0,0,0,0,0,0,0,0,0,,,,,,0,0,0,0,0,0,/1
1251,Kenny Roberts*,27,PHI,NL,6,0,0,0,0,0,0,0,0,0,0,0,0,,,,,,0,0,0,0,0,0,/1
1252,Dan Robertson,29,LAA,AL,37,80,75,10,21,2,0,0,7,0,0,2,7,.280,.299,.307,.605,72,23,1,0,3,0,1,7/89
1253,David Robertson,30,CHW,AL,60,0,0,0,0,0,0,0,0,0,0,0,0,,,,,,0,0,0,0,0,0,1
1254,Clint Robinson*,30,WSN,NL,126,352,309,44,84,15,1,10,34,0,0,37,52,.272,.358,.424,.782,111,131,6,5,0,1,4,379/D1
1255,Shane Robinson,30,MIN,AL,83,197,180,28,45,7,3,0,16,6,1,12,29,.250,.299,.322,.621,71,58,4,1,3,1,0,789/D1
1256,Hansel Robles,24,NYM,NL,57,0,0,0,0,0,0,0,0,0,0,0,0,,,,,,0,0,0,0,0,0,1
1257,Fernando Rodney,38,TOT,MLB,68,0,0,0,0,0,0,0,0,0,0,0,0,,,,,,0,0,0,0,0,0,1
1258,Fernando Rodney,38,SEA,AL,54,0,0,0,0,0,0,0,0,0,0,0,0,,,,,,0,0,0,0,0,0,1
1259,Fernando Rodney,38,CHC,NL,14,0,0,0,0,0,0,0,0,0,0,0,0,,,,,,0,0,0,0,0,0,1
1260,Carlos Rodon*,22,CHW,AL,26,3,1,0,0,0,0,0,0,0,0,0,1,.000,.000,.000,.000,-100,0,0,0,2,0,0,1
1261,Alex Rodriguez,39,NYY,AL,151,620,523,83,131,22,1,33,86,4,0,84,145,.250,.356,.486,.842,130,254,17,6,0,7,5,*D/53
1262,Eduardo Rodriguez*,22,BOS,AL,21,3,2,0,0,0,0,0,0,0,0,0,2,.000,.000,.000,.000,-100,0,0,0,1,0,0,1
1263,Fernando Rodriguez,31,OAK,AL,56,0,0,0,0,0,0,0,0,0,0,0,0,,,,,,0,0,0,0,0,0,1
1264,Francisco Rodriguez,33,MIL,NL,60,0,0,0,0,0,0,0,0,0,0,0,0,,,,,,0,0,0,0,0,0,1
1265,Paco Rodriguez*,24,LAD,NL,18,0,0,0,0,0,0,0,0,0,0,0,0,,,,,,0,0,0,0,0,0,1
1266,Sean Rodriguez,30,PIT,NL,139,240,224,25,55,12,1,4,17,2,2,5,63,.246,.281,.362,.642,76,81,9,6,5,0,0,379/546
1267,Wandy Rodriguez#,36,TEX,AL,17,2,2,1,1,0,0,0,0,0,0,0,0,.500,.500,.500,1.000,171,1,0,0,0,0,0,1
1268,Chaz Roe,28,BAL,AL,36,0,0,0,0,0,0,0,0,0,0,0,0,,,,,,0,0,0,0,0,0,1
1269,Esmil Rogers,29,NYY,AL,18,0,0,0,0,0,0,0,0,0,0,0,0,,,,,,0,0,0,0,0,0,1
1270,Jason Rogers,27,MIL,NL,86,169,152,22,45,6,2,4,16,0,0,15,34,.296,.367,.441,.808,120,67,2,2,0,0,0,3/57D
1271,Miguel Rojas,26,MIA,NL,60,157,142,13,40,7,1,1,17,0,1,11,16,.282,.329,.366,.695,93,52,4,0,2,2,1,6/45
1272,David Rollins*,25,SEA,AL,20,0,0,0,0,0,0,0,0,0,0,0,0,,,,,,0,0,0,0,0,0,1
1273,Jimmy Rollins#,36,LAD,NL,144,563,517,71,116,24,3,13,41,12,8,44,86,.224,.285,.358,.643,80,185,12,0,1,1,0,*6
1274,Jamie Romak,29,ARI,NL,12,16,15,2,5,2,0,0,1,0,0,1,6,.333,.375,.467,.842,124,7,0,0,0,0,0,/73
1275,Enny Romero*,24,TBR,AL,23,0,0,0,0,0,0,0,0,0,0,0,0,,,,,,0,0,0,0,0,0,1
1276,Stefen Romero,26,SEA,AL,13,24,21,6,4,1,0,1,3,0,0,3,6,.190,.292,.381,.673,90,8,0,0,0,0,0,/798
1277,Andrew Romine#,29,DET,AL,109,203,184,25,47,5,0,2,15,10,5,11,46,.255,.307,.315,.622,74,58,4,3,4,1,1,5634/7D
1278,Austin Romine,26,NYY,AL,1,2,2,0,0,0,0,0,0,0,0,0,0,.000,.000,.000,.000,-100,0,0,0,0,0,0,/3
1279,Sergio Romo,32,SFG,NL,70,2,2,0,0,0,0,0,0,0,0,0,1,.000,.000,.000,.000,-100,0,0,0,0,0,0,1
1280,Bruce Rondon,24,DET,AL,35,0,0,0,0,0,0,0,0,0,0,0,0,,,,,,0,0,0,0,0,0,1
1281,Hector Rondon,27,CHC,NL,72,0,0,0,0,0,0,0,0,0,0,0,0,,,,,,0,0,0,0,0,0,1
1282,Jorge Rondon,27,TOT,MLB,10,0,0,0,0,0,0,0,0,0,0,0,0,,,,,,0,0,0,0,0,0,1
1283,Jorge Rondon,27,COL,NL,2,0,0,0,0,0,0,0,0,0,0,0,0,,,,,,0,0,0,0,0,0,/1
1284,Jorge Rondon,27,BAL,AL,8,0,0,0,0,0,0,0,0,0,0,0,0,,,,,,0,0,0,0,0,0,/1
1285,Adam Rosales,32,TEX,AL,55,125,114,14,26,4,0,3,7,4,4,10,30,.228,.296,.342,.638,72,39,4,1,0,0,0,345/1D7
1286,Eddie Rosario*,23,MIN,AL,122,474,453,60,121,18,15,13,50,11,6,15,118,.267,.289,.459,.748,101,208,5,0,3,3,3,*79/8
1287,Wilin Rosario,26,COL,NL,87,242,231,22,62,14,1,6,29,2,1,8,56,.268,.295,.416,.710,79,96,8,1,1,1,2,3/D2
1288,Trevor Rosenthal,25,STL,NL,68,1,1,0,0,0,0,0,0,0,0,0,1,.000,.000,.000,.000,-100,0,0,0,0,0,0,1
1289,Seth Rosin,26,PHI,NL,1,0,0,0,0,0,0,0,0,0,0,0,0,,,,,,0,0,0,0,0,0,/1
1290,Cody Ross,34,OAK,AL,9,25,22,3,2,0,0,0,3,0,0,3,6,.091,.200,.091,.291,-15,2,0,0,0,0,0,/97D
1291,David Ross,38,CHC,NL,72,182,159,6,28,9,0,1,9,1,0,20,61,.176,.267,.252,.518,44,40,1,0,2,1,7,2/1
1292,Joe Ross,22,WSN,NL,17,30,27,2,3,0,0,0,0,0,0,0,11,.111,.143,.111,.254,-30,3,1,1,2,0,0,1/D
1293,Robbie Ross*,26,BOS,AL,54,0,0,0,0,0,0,0,0,0,0,0,0,,,,,,0,0,0,0,0,0,1
1294,Tyson Ross,28,SDP,NL,34,68,56,6,14,1,1,1,6,0,0,2,19,.250,.283,.357,.640,80,20,1,1,8,1,0,1
1295,Zac Rosscup,27,CHC,NL,33,0,0,0,0,0,0,0,0,0,0,0,0,,,,,,0,0,0,0,0,0,1
1296,Ryan Rua,25,TEX,AL,28,86,83,10,16,5,0,4,7,0,0,3,32,.193,.221,.398,.619,62,33,2,0,0,0,0,7/39
1297,Drew Rucinski,26,LAA,AL,4,0,0,0,0,0,0,0,0,0,0,0,0,,,,,,0,0,0,0,0,0,/1
1298,Darin Ruf,28,PHI,NL,106,297,268,30,63,12,0,12,39,1,0,21,69,.235,.300,.414,.714,94,111,7,5,0,3,0,37
1299,Justin Ruggiano,33,TOT,MLB,57,141,125,20,31,8,1,6,15,5,2,14,41,.248,.333,.472,.805,125,59,1,2,0,0,0,789/D
1300,Justin Ruggiano,33,SEA,AL,36,81,70,8,15,4,0,2,3,3,2,11,27,.214,.321,.357,.678,93,25,0,0,0,0,0,89/7D
1301,Justin Ruggiano,33,LAD,NL,21,60,55,12,16,4,1,4,12,2,0,3,14,.291,.350,.618,.968,166,34,1,2,0,0,0,7/9
1302,Carlos Ruiz,36,PHI,NL,86,320,284,23,60,13,1,2,22,1,1,28,43,.211,.290,.285,.575,59,81,13,4,3,1,2,2
1303,Nick Rumbelow,23,NYY,AL,17,0,0,0,0,0,0,0,0,0,0,0,0,,,,,,0,0,0,0,0,0,1
1304,Cameron Rupp,26,PHI,NL,81,299,270,24,63,9,1,9,28,0,1,24,71,.233,.301,.374,.675,84,101,8,3,0,2,5,2
1305,Chris Rusin*,28,COL,NL,27,50,46,5,10,0,0,1,4,0,0,0,7,.217,.217,.283,.500,26,13,0,0,4,0,0,1
1306,Addison Russell,21,CHC,NL,142,523,475,60,115,29,1,13,54,4,3,42,149,.242,.307,.389,.696,90,185,8,3,1,2,2,46
1307,James Russell*,29,CHC,NL,49,1,1,0,0,0,0,0,0,0,0,0,1,.000,.000,.000,.000,-100,0,0,0,0,0,0,1
1308,Josh Rutledge,26,BOS,AL,39,85,74,11,21,1,0,1,10,0,0,5,26,.284,.333,.338,.671,82,25,0,2,1,3,1,4/5D
1309,Brendan Ryan,33,NYY,AL,47,103,96,10,22,6,2,0,8,0,0,5,29,.229,.275,.333,.608,68,32,1,1,1,0,0,45/6391
1310,Kyle Ryan*,23,DET,AL,16,0,0,0,0,0,0,0,0,0,0,0,0,,,,,,0,0,0,0,0,0,1
1311,Marc Rzepczynski*,29,TOT,MLB,72,0,0,0,0,0,0,0,0,0,0,0,0,,,,,,0,0,0,0,0,0,1
1312,Marc Rzepczynski*,29,CLE,AL,45,0,0,0,0,0,0,0,0,0,0,0,0,,,,,,0,0,0,0,0,0,1
1313,Marc Rzepczynski*,29,SDP,NL,27,0,0,0,0,0,0,0,0,0,0,0,0,,,,,,0,0,0,0,0,0,1
1314,CC Sabathia*,34,NYY,AL,29,3,3,0,0,0,0,0,0,0,0,0,2,.000,.000,.000,.000,-100,0,0,0,0,0,0,1
1315,Casey Sadler,24,PIT,NL,1,2,1,0,0,0,0,0,0,0,0,0,0,.000,.000,.000,.000,-100,0,0,0,1,0,0,/1
1316,Tyler Saladino,25,CHW,AL,68,254,236,33,53,6,4,4,20,8,2,12,51,.225,.267,.335,.602,68,79,9,2,3,1,0,56/3
1317,Fernando Salas,30,LAA,AL,72,0,0,0,0,0,0,0,0,0,0,0,0,,,,,,0,0,0,0,0,0,1
1318,Danny Salazar*,25,CLE,AL,30,4,4,0,0,0,0,0,0,0,0,0,4,.000,.000,.000,.000,-100,0,0,0,0,0,0,1
1319,Chris Sale*,26,CHW,AL,31,9,9,1,1,0,0,0,0,0,0,0,4,.111,.111,.111,.222,-37,1,0,0,0,0,0,1
1320,Jarrod Saltalamacchia#,30,TOT,NL,79,227,200,26,45,15,0,9,24,0,0,23,69,.225,.310,.435,.745,98,87,5,2,1,1,0,2/3D
1321,Jarrod Saltalamacchia#,30,MIA,NL,9,33,29,3,2,1,0,1,1,0,0,4,12,.069,.182,.207,.389,7,6,2,0,0,0,0,/2
1322,Jarrod Saltalamacchia#,30,ARI,NL,70,194,171,23,43,14,0,8,23,0,0,19,57,.251,.332,.474,.805,113,81,3,2,1,1,0,2/3D
1323,Jeff Samardzija,30,CHW,AL,32,2,2,0,1,0,0,0,0,0,0,0,1,.500,.500,.500,1.000,183,1,0,0,0,0,0,1
1324,Keyvius Sampson,24,CIN,NL,13,17,16,1,0,0,0,0,0,0,0,0,11,.000,.000,.000,.000,-100,0,1,0,1,0,0,1
1325,Aaron Sanchez,22,TOR,AL,41,0,0,0,0,0,0,0,0,0,0,0,0,,,,,,0,0,0,0,0,0,1
1326,Anibal Sanchez,31,DET,AL,25,4,4,0,0,0,0,0,0,0,0,0,4,.000,.000,.000,.000,-100,0,0,0,0,0,0,1
1327,Carlos Sanchez#,23,CHW,AL,120,420,389,40,87,23,1,5,31,2,2,19,81,.224,.268,.326,.595,66,127,9,5,6,1,0,*4/D
1328,Gary Sanchez,22,NYY,AL,2,2,2,0,0,0,0,0,0,0,0,0,1,.000,.000,.000,.000,-100,0,0,0,0,0,0,
1329,Hector Sanchez#,25,SFG,NL,28,59,56,5,10,4,0,1,5,0,0,2,14,.179,.207,.304,.510,40,17,1,0,1,0,0,2
1330,Tony Sanchez,27,PIT,NL,3,9,8,2,3,0,0,0,0,0,0,1,3,.375,.444,.375,.819,131,3,0,0,0,0,0,/2
1331,Pablo Sandoval#,28,BOS,AL,126,505,470,43,115,25,1,10,47,0,0,25,73,.245,.292,.366,.658,76,172,14,7,1,2,1,*5
1332,Jerry Sands,27,CLE,AL,50,133,123,11,29,5,1,4,19,0,0,9,36,.236,.286,.390,.676,80,48,0,0,0,1,0,93/7D
1333,Miguel Sano,22,MIN,AL,80,335,279,46,75,17,1,18,52,1,1,53,119,.269,.385,.530,.916,148,148,4,1,0,2,1,D/53
1334,Carlos Santana#,29,CLE,AL,154,666,550,72,127,29,2,19,85,11,3,108,122,.231,.357,.395,.752,103,217,20,3,0,5,8,*3D
1335,Danny Santana#,24,MIN,AL,91,277,261,30,56,10,5,0,21,8,4,6,68,.215,.241,.291,.532,45,76,7,3,7,0,1,6/8D9
1336,Domingo Santana,22,TOT,MLB,52,187,160,20,38,7,0,8,26,4,1,20,63,.238,.337,.431,.768,109,69,2,5,0,2,0,987
1337,Domingo Santana,22,HOU,AL,14,42,39,6,10,2,0,2,8,2,1,2,17,.256,.310,.462,.771,109,18,1,1,0,0,0,/978
1338,Domingo Santana,22,MIL,NL,38,145,121,14,28,5,0,6,18,2,0,18,46,.231,.345,.421,.766,108,51,1,4,0,2,0,897
1339,Ervin Santana,32,MIN,AL,17,0,0,0,0,0,0,0,0,0,0,0,0,,,,,,0,0,0,0,0,0,1
1340,Hector Santiago,27,LAA,AL,33,5,5,0,1,0,0,0,0,0,0,0,3,.200,.200,.200,.400,14,1,1,0,0,0,0,1
1341,Sergio Santos,31,TOT,MLB,14,0,0,0,0,0,0,0,0,0,0,0,0,,,,,,0,0,0,0,0,0,1
1342,Sergio Santos,31,LAD,NL,12,0,0,0,0,0,0,0,0,0,0,0,0,,,,,,0,0,0,0,0,0,1
1343,Sergio Santos,31,NYY,AL,2,0,0,0,0,0,0,0,0,0,0,0,0,,,,,,0,0,0,0,0,0,/1
1344,Luis Sardinas#,22,MIL,NL,36,105,97,8,19,0,1,0,4,0,0,6,25,.196,.240,.216,.457,26,21,3,0,1,1,1,46/5
1345,Michael Saunders*,28,TOR,AL,9,36,31,2,6,0,0,0,3,0,0,5,10,.194,.306,.194,.499,43,6,1,0,0,0,0,/97
1346,Rob Scahill*,28,PIT,NL,28,0,0,0,0,0,0,0,0,0,0,0,0,,,,,,0,0,0,0,0,0,1
1347,Jordan Schafer*,28,MIN,AL,27,74,69,9,15,3,0,0,5,0,3,3,23,.217,.250,.261,.511,41,18,0,0,2,0,0,8/7
1348,Logan Schafer*,28,MIL,NL,69,143,122,17,27,6,1,1,6,1,0,12,29,.221,.299,.311,.611,68,38,3,2,6,1,0,8/7
1349,Scott Schebler*,24,LAD,NL,19,40,36,6,9,0,0,3,4,2,1,3,13,.250,.325,.500,.825,128,18,0,1,0,0,1,/79
1350,Tanner Scheppers,28,TEX,AL,42,0,0,0,0,0,0,0,0,0,0,0,0,,,,,,0,0,0,0,0,0,1
1351,Max Scherzer,30,WSN,NL,34,77,69,4,15,0,0,0,0,0,0,2,23,.217,.239,.217,.457,25,15,0,0,6,0,0,1
1352,Brian Schlitter,29,CHC,NL,10,0,0,0,0,0,0,0,0,0,0,0,0,,,,,,0,0,0,0,0,0,1
1353,Jonathan Schoop,23,BAL,AL,86,321,305,34,85,17,0,15,39,2,0,9,79,.279,.306,.482,.788,111,147,9,4,1,2,0,4
1354,A.J. Schugel,26,ARI,NL,5,0,0,0,0,0,0,0,0,0,0,0,0,,,,,,0,0,0,0,0,0,/1
1355,Bo Schultz,29,TOR,AL,31,0,0,0,0,0,0,0,0,0,0,0,0,,,,,,0,0,0,0,0,0,1
1356,Skip Schumaker*,35,CIN,NL,131,268,244,23,59,20,0,1,21,2,2,23,51,.242,.306,.336,.642,76,82,7,0,0,1,2,74/98D
1357,Kyle Schwarber*,22,CHC,NL,69,273,232,52,57,6,1,16,43,3,3,36,77,.246,.355,.487,.842,129,113,4,4,0,1,1,72/D9
1358,Evan Scribner,29,OAK,AL,54,0,0,0,0,0,0,0,0,0,0,0,0,,,,,,0,0,0,0,0,0,1
1359,Xavier Scruggs,27,STL,NL,17,43,42,5,11,2,0,0,7,1,0,0,10,.262,.279,.310,.589,61,13,2,1,0,0,0,3
1360,Corey Seager*,21,LAD,NL,27,113,98,17,33,8,1,4,17,2,0,14,19,.337,.425,.561,.986,175,55,2,1,0,0,1,6/5
1361,Kyle Seager*,27,SEA,AL,161,686,623,85,166,37,0,26,74,6,6,54,98,.266,.328,.451,.779,119,281,17,5,0,4,6,*5/6
1362,Jean Segura,25,MIL,NL,142,584,560,57,144,16,5,6,50,25,6,13,93,.257,.281,.336,.616,68,188,14,6,3,2,2,*6
1363,Marcus Semien,24,OAK,AL,155,601,556,65,143,23,7,15,45,11,5,42,132,.257,.310,.405,.715,95,225,16,1,1,1,1,*6
1364,Luis Severino,21,NYY,AL,11,2,2,0,0,0,0,0,0,0,0,0,0,.000,.000,.000,.000,-100,0,0,0,0,0,0,1
1365,Pedro Severino,21,WSN,NL,2,4,4,1,1,1,0,0,0,0,0,0,1,.250,.250,.500,.750,97,2,0,0,0,0,0,/2
1366,Richie Shaffer,24,TBR,AL,31,88,74,11,14,3,0,4,6,0,1,10,32,.189,.307,.392,.699,94,29,2,3,0,1,0,3/D597
1367,Bryan Shaw#,27,CLE,AL,74,0,0,0,0,0,0,0,0,0,0,0,0,,,,,,0,0,0,0,0,0,1
1368,Travis Shaw*,25,BOS,AL,65,248,226,31,61,10,0,13,36,0,1,18,57,.270,.327,.487,.813,115,110,1,2,0,2,1,3/57
1369,James Shields,33,SDP,NL,36,74,68,7,9,2,0,0,2,0,0,1,28,.132,.145,.162,.307,-13,11,0,0,5,0,0,1
1370,Matt Shoemaker,28,LAA,AL,25,2,1,0,0,0,0,0,0,0,0,1,0,.000,.500,.000,.500,61,0,0,0,0,0,0,1
1371,Chasen Shreve*,24,NYY,AL,59,0,0,0,0,0,0,0,0,0,0,0,0,,,,,,0,0,0,0,0,0,1
1372,J.B. Shuck*,28,CHW,AL,79,165,143,15,38,8,2,0,15,7,5,16,16,.266,.340,.350,.689,95,50,2,1,3,2,0,987
1373,Kevin Siegrist*,25,STL,NL,81,0,0,0,0,0,0,0,0,0,0,0,0,,,,,,0,0,0,0,0,0,1
1374,Andrelton Simmons,25,ATL,NL,147,583,535,60,142,23,2,4,44,5,3,39,48,.265,.321,.338,.660,85,181,19,6,1,2,6,*6
1375,Alfredo Simon,34,DET,AL,31,5,5,0,0,0,0,0,0,0,0,0,2,.000,.000,.000,.000,-100,0,0,0,0,0,0,1
1376,Jon Singleton*,23,HOU,AL,19,58,47,6,9,2,0,1,6,1,0,10,17,.191,.328,.298,.625,75,14,0,0,0,1,0,3/D
1377,Tony Sipp*,31,HOU,AL,60,0,0,0,0,0,0,0,0,0,0,0,0,,,,,,0,0,0,0,0,0,1
1378,Grady Sizemore*,32,TOT,MLB,97,296,273,24,69,17,0,6,33,3,3,20,60,.253,.307,.381,.688,90,104,3,2,0,1,0,97D
1379,Grady Sizemore*,32,PHI,NL,39,104,98,4,24,5,0,0,6,0,0,6,23,.245,.288,.296,.584,61,29,2,0,0,0,0,9/7
1380,Grady Sizemore*,32,TBR,AL,58,192,175,20,45,12,0,6,27,3,3,14,37,.257,.318,.429,.746,106,75,1,2,0,1,0,79D
1381,Carson Smith,25,SEA,AL,70,0,0,0,0,0,0,0,0,0,0,0,0,,,,,,0,0,0,0,0,0,1
1382,Chad Smith,25,OAK,AL,2,0,0,0,0,0,0,0,0,0,0,0,0,,,,,,0,0,0,0,0,0,/1
1383,Joe Smith,31,LAA,AL,70,0,0,0,0,0,0,0,0,0,0,0,0,,,,,,0,0,0,0,0,0,1
1384,Josh Smith,27,CIN,NL,10,10,9,1,2,0,1,0,0,0,0,0,4,.222,.222,.444,.667,77,4,0,0,1,0,0,/1
1385,Seth Smith*,32,SEA,AL,136,452,395,54,98,31,5,12,42,0,0,47,99,.248,.330,.443,.773,118,175,15,4,1,5,4,*79D
1386,Will Smith,25,MIL,NL,76,0,0,0,0,0,0,0,0,0,0,0,0,,,,,,0,0,0,0,0,0,1
1387,Justin Smoak#,28,TOR,AL,132,328,296,44,67,16,1,18,59,0,0,29,86,.226,.299,.470,.768,107,139,10,2,0,1,0,*3/D
1388,Jake Smolinski,26,TOT,AL,76,192,166,24,32,7,2,6,26,1,1,19,39,.193,.281,.367,.649,76,61,3,3,0,4,0,79/D
1389,Jake Smolinski,26,TEX,AL,35,74,60,12,8,1,0,1,6,1,0,11,20,.133,.270,.200,.470,30,12,1,1,0,2,0,7/9D
1390,Jake Smolinski,26,OAK,AL,41,118,106,12,24,6,2,5,20,0,1,8,19,.226,.288,.462,.750,102,49,2,2,0,2,0,79
1391,Drew Smyly*,26,TBR,AL,12,0,0,0,0,0,0,0,0,0,0,0,0,,,,,,0,0,0,0,0,0,1
1392,Travis Snider*,27,TOT,MLB,87,265,237,24,55,12,2,4,28,1,0,26,66,.232,.313,.350,.663,82,83,3,2,0,0,2,79/D
1393,Travis Snider*,27,BAL,AL,69,236,211,23,50,9,2,3,20,1,0,23,56,.237,.318,.341,.659,81,72,3,2,0,0,1,79/D
1394,Travis Snider*,27,PIT,NL,18,29,26,1,5,3,0,1,8,0,0,3,10,.192,.276,.423,.699,90,11,0,0,0,0,1,/79
1395,Miguel Socolovich,28,STL,NL,28,1,1,0,0,0,0,0,0,0,0,0,0,.000,.000,.000,.000,-100,0,0,0,0,0,0,1
1396,Eric Sogard*,29,OAK,AL,120,401,372,40,92,12,3,1,37,6,1,23,50,.247,.294,.304,.598,66,113,9,2,3,1,1,46/D5
1397,Donovan Solano,27,MIA,NL,55,94,90,6,17,3,1,0,7,0,0,1,18,.189,.215,.244,.459,27,22,4,2,1,0,0,56/4
1398,Jhonatan Solano,29,MIA,NL,7,21,20,1,1,1,0,0,2,0,0,1,1,.050,.095,.100,.195,-46,2,0,0,0,0,0,/2
1399,Yangervis Solarte#,27,SDP,NL,152,571,526,63,142,33,4,14,63,1,0,34,56,.270,.320,.428,.748,109,225,15,6,2,3,0,534/D
1400,Jorge Soler,23,CHC,NL,101,404,366,39,96,18,1,10,47,3,1,32,121,.262,.324,.399,.723,98,146,9,3,0,3,5,9/D
1401,Sammy Solis,26,WSN,NL,18,2,2,0,1,0,0,0,0,0,0,0,0,.500,.500,.500,1.000,173,1,0,0,0,0,0,1
1402,Joakim Soria,31,TOT,MLB,72,0,0,0,0,0,0,0,0,0,0,0,0,,,,,,0,0,0,0,0,0,1
1403,Joakim Soria,31,DET,AL,43,0,0,0,0,0,0,0,0,0,0,0,0,,,,,,0,0,0,0,0,0,1
1404,Joakim Soria,31,PIT,NL,29,0,0,0,0,0,0,0,0,0,0,0,0,,,,,,0,0,0,0,0,0,1
1405,Rafael Soriano,35,CHC,NL,6,0,0,0,0,0,0,0,0,0,0,0,0,,,,,,0,0,0,0,0,0,/1
1406,Geovany Soto,32,CHW,AL,78,210,187,20,41,8,0,9,21,0,1,21,63,.219,.301,.406,.708,96,76,2,1,1,0,0,2/D
1407,Giovanni Soto*,24,CLE,AL,6,0,0,0,0,0,0,0,0,0,0,0,0,,,,,,0,0,0,0,0,0,/1
1408,Steven Souza,26,TBR,AL,110,426,373,59,84,15,1,16,40,12,6,46,144,.225,.318,.399,.717,99,149,7,5,1,1,0,9/D
1409,Denard Span*,31,WSN,NL,61,275,246,38,74,17,0,5,22,11,0,25,26,.301,.365,.431,.796,115,106,5,1,1,2,0,8
1410,Cory Spangenberg*,24,SDP,NL,108,345,303,38,82,17,5,4,21,9,4,28,75,.271,.333,.399,.733,107,121,4,2,8,3,1,45/98D7
1411,George Springer,25,HOU,AL,102,451,388,59,107,19,2,16,41,16,4,50,109,.276,.367,.459,.826,126,178,4,8,2,3,0,98
1412,Craig Stammen,31,WSN,NL,5,0,0,0,0,0,0,0,0,0,0,0,0,,,,,,0,0,0,0,0,0,/1
1413,Cody Stanley*,26,STL,NL,9,10,10,2,4,1,0,0,3,0,0,0,3,.400,.400,.500,.900,144,5,0,0,0,0,0,/2
1414,Giancarlo Stanton,25,MIA,NL,74,318,279,47,74,12,1,27,67,4,2,34,95,.265,.346,.606,.952,157,169,5,2,0,3,6,9/D
1415,Max Stassi,24,HOU,AL,11,17,15,4,6,0,0,1,2,0,0,1,5,.400,.438,.600,1.038,183,9,1,0,1,0,0,2/D
1416,Tim Stauffer,33,TOT,MLB,18,0,0,0,0,0,0,0,0,0,0,0,0,,,,,,0,0,0,0,0,0,1
1417,Tim Stauffer,33,MIN,AL,13,0,0,0,0,0,0,0,0,0,0,0,0,,,,,,0,0,0,0,0,0,1
1418,Tim Stauffer,33,NYM,NL,5,0,0,0,0,0,0,0,0,0,0,0,0,,,,,,0,0,0,0,0,0,/1
1419,Chris Stewart,33,PIT,NL,58,172,159,9,46,8,0,0,15,0,0,6,29,.289,.320,.340,.659,83,54,3,2,3,2,0,2
1420,Matt Stites*,25,ARI,NL,11,0,0,0,0,0,0,0,0,0,0,0,0,,,,,,0,0,0,0,0,0,1
1421,Drew Storen#,27,WSN,NL,58,0,0,0,0,0,0,0,0,0,0,0,0,,,,,,0,0,0,0,0,0,1
1422,Dan Straily,26,HOU,AL,4,0,0,0,0,0,0,0,0,0,0,0,0,,,,,,0,0,0,0,0,0,/1
1423,Stephen Strasburg,26,WSN,NL,23,46,38,1,5,0,0,0,0,0,0,2,17,.132,.175,.132,.307,-15,5,0,0,6,0,0,1
1424,Ryan Strausborger,27,TEX,AL,31,51,45,9,9,0,0,1,3,2,1,3,11,.200,.240,.267,.507,37,12,1,0,1,2,0,7/D9
1425,Huston Street,31,LAA,AL,62,0,0,0,0,0,0,0,0,0,0,0,0,,,,,,0,0,0,0,0,0,1
1426,Hunter Strickland,26,SFG,NL,55,1,1,0,0,0,0,0,0,0,0,0,1,.000,.000,.000,.000,-100,0,0,0,0,0,0,1
1427,Marcus Stroman,24,TOR,AL,4,0,0,0,0,0,0,0,0,0,0,0,0,,,,,,0,0,0,0,0,0,/1
1428,Pedro Strop,30,CHC,NL,76,0,0,0,0,0,0,0,0,0,0,0,0,,,,,,0,0,0,0,0,0,1
1429,Drew Stubbs,30,TOT,MLB,78,140,123,20,24,4,2,5,10,5,1,14,60,.195,.283,.382,.665,69,47,1,1,2,0,1,87/9D
1430,Drew Stubbs,30,COL,NL,51,114,102,14,22,3,2,5,10,2,1,9,50,.216,.286,.431,.717,80,44,1,1,2,0,1,87/9
1431,Drew Stubbs,30,TEX,AL,27,26,21,6,2,1,0,0,0,3,0,5,10,.095,.269,.143,.412,16,3,0,0,0,0,0,8/7D
1432,Eric Stults*,35,ATL,NL,9,16,13,0,1,0,0,0,0,0,0,0,7,.077,.077,.077,.154,-57,1,0,0,3,0,0,/1
1433,Eugenio Suarez,23,CIN,NL,97,398,372,42,104,19,2,13,48,4,1,17,94,.280,.315,.446,.761,106,166,7,3,4,2,0,6/5
1434,Jesus Sucre,27,SEA,AL,52,142,127,9,20,6,0,1,7,0,0,6,21,.157,.195,.228,.424,20,29,6,0,9,0,0,2/1
1435,Eric Surkamp*,27,LAD,NL,1,1,0,0,0,0,0,0,0,0,0,0,0,,,,,,0,0,0,1,0,0,/1
1436,Andrew Susac,25,SFG,NL,52,148,133,14,29,7,2,3,14,0,0,14,43,.218,.297,.368,.666,84,49,2,1,0,0,0,2
1437,Ichiro Suzuki*,41,MIA,NL,153,438,398,45,91,5,6,1,21,11,5,31,51,.229,.282,.279,.561,56,111,8,0,5,4,1,*97/8D1
1438,Kurt Suzuki,31,MIN,AL,131,479,433,36,104,17,0,5,50,0,0,29,59,.240,.296,.314,.610,68,136,14,7,6,4,4,*2
1439,Anthony Swarzak,29,CLE,AL,10,0,0,0,0,0,0,0,0,0,0,0,0,,,,,,0,0,0,0,0,0,1
1440,Darnell Sweeney#,24,PHI,NL,37,98,85,9,15,4,1,3,11,0,2,13,27,.176,.286,.353,.639,74,30,1,0,0,0,0,7/4859
1441,Blake Swihart#,23,BOS,AL,84,309,288,47,79,17,1,5,31,4,2,18,77,.274,.319,.392,.712,90,113,8,1,2,0,0,2
1442,Nick Swisher#,34,TOT,MLB,76,260,219,14,43,9,0,6,25,0,0,35,54,.196,.312,.320,.631,74,70,9,3,0,3,1,D73/9
1443,Nick Swisher#,34,CLE,AL,30,111,101,6,20,4,0,2,8,0,0,8,24,.198,.261,.297,.558,50,30,2,1,0,1,1,D/9
1444,Nick Swisher#,34,ATL,NL,46,149,118,8,23,5,0,4,17,0,0,27,30,.195,.349,.339,.688,94,40,7,2,0,2,0,73/9D
1445,Noah Syndergaard*,22,NYM,NL,24,50,43,2,9,1,0,1,4,0,0,1,26,.209,.227,.302,.530,47,13,0,0,6,0,0,1
1446,Matt Szczur,25,CHC,NL,47,80,72,5,16,5,0,1,8,2,0,6,15,.222,.278,.333,.612,68,24,1,0,1,1,0,7/89
1447,Jose Tabata,26,PIT,NL,27,41,38,2,11,0,0,0,4,0,1,2,7,.289,.341,.289,.631,77,11,3,1,0,0,0,/97D
1448,Masahiro Tanaka,26,NYY,AL,24,8,7,0,0,0,0,0,0,0,0,1,2,.000,.125,.000,.125,-61,0,0,0,0,0,0,1
1449,Travis Tartamella,27,STL,NL,3,2,2,0,1,0,0,0,0,0,0,0,0,.500,.500,.500,1.000,175,1,0,0,0,0,0,/2
1450,Chris Taylor,24,SEA,AL,37,102,94,9,16,3,1,0,1,3,2,6,31,.170,.220,.223,.443,27,21,0,0,2,0,0,6/4D5
1451,Michael Taylor,24,WSN,NL,138,511,472,49,108,15,2,14,63,16,3,35,158,.229,.282,.358,.640,72,169,5,1,1,2,9,*87/9
1452,Junichi Tazawa,29,BOS,AL,61,0,0,0,0,0,0,0,0,0,0,0,0,,,,,,0,0,0,0,0,0,1
1453,Everett Teaford*,31,TBR,AL,4,0,0,0,0,0,0,0,0,0,0,0,0,,,,,,0,0,0,0,0,0,/1
1454,Taylor Teagarden,31,CHC,NL,8,15,15,0,3,0,0,0,2,0,0,0,4,.200,.200,.200,.400,11,3,1,0,0,0,0,/2
1455,Julio Teheran,24,ATL,NL,33,68,52,0,5,0,0,0,2,0,0,2,9,.096,.130,.096,.226,-35,5,0,0,14,0,0,1
1456,Mark Teixeira#,35,NYY,AL,111,462,392,57,100,22,0,31,79,2,0,59,85,.255,.357,.548,.906,146,215,7,6,0,5,6,3/D
1457,Ruben Tejada,25,NYM,NL,116,407,360,36,94,23,0,3,28,2,1,38,70,.261,.338,.350,.688,94,126,6,5,2,2,5,654
1458,Tomas Telis#,24,TOT,MLB,23,41,38,2,6,0,0,0,2,0,0,1,4,.158,.220,.158,.377,6,6,2,2,0,0,1,2/D
1459,Tomas Telis#,24,TEX,AL,6,12,11,1,2,0,0,0,2,0,0,0,1,.182,.250,.182,.432,20,2,0,1,0,0,0,/2
1460,Tomas Telis#,24,MIA,NL,17,29,27,1,4,0,0,0,0,0,0,1,3,.148,.207,.148,.355,1,4,2,1,0,0,1,/2D
1461,Ryan Tepera,27,TOR,AL,32,0,0,0,0,0,0,0,0,0,0,0,0,,,,,,0,0,0,0,0,0,1
1462,Joey Terdoslavich#,26,ATL,NL,28,59,56,5,12,4,1,1,4,0,0,3,14,.214,.254,.375,.629,73,21,1,0,0,0,1,3/7
1463,Joe Thatcher*,33,HOU,AL,43,0,0,0,0,0,0,0,0,0,0,0,0,,,,,,0,0,0,0,0,0,1
1464,Dale Thayer,34,SDP,NL,38,0,0,0,0,0,0,0,0,0,0,0,0,,,,,,0,0,0,0,0,0,1
1465,Caleb Thielbar,28,MIN,AL,6,0,0,0,0,0,0,0,0,0,0,0,0,,,,,,0,0,0,0,0,0,/1
1466,Josh Thole*,28,TOR,AL,18,52,49,5,10,2,0,0,2,0,0,3,9,.204,.250,.245,.495,38,12,2,0,0,0,0,2
1467,Ian Thomas,28,TOT,NL,14,4,3,1,0,0,0,0,0,0,0,1,1,.000,.250,.000,.250,-21,0,1,0,0,0,0,1
1468,Ian Thomas,28,ATL,NL,5,0,0,0,0,0,0,0,0,0,0,0,0,,,,,,0,0,0,0,0,0,/1
1469,Ian Thomas,28,LAD,NL,9,4,3,1,0,0,0,0,0,0,0,1,1,.000,.250,.000,.250,-21,0,1,0,0,0,0,/1
1470,Aaron Thompson*,28,MIN,AL,41,0,0,0,0,0,0,0,0,0,0,0,0,,,,,,0,0,0,0,0,0,1
1471,Trayce Thompson,24,CHW,AL,44,135,122,17,36,8,3,5,16,1,0,13,26,.295,.363,.533,.896,147,65,3,0,0,0,0,978/D
1472,Tyler Thornburg,26,MIL,NL,24,3,3,0,0,0,0,0,0,0,0,0,1,.000,.000,.000,.000,-100,0,0,0,0,0,0,1
1473,Matt Thornton*,38,WSN,NL,60,0,0,0,0,0,0,0,0,0,0,0,0,,,,,,0,0,0,0,0,0,1
1474,Chris Tillman,27,BAL,AL,31,2,2,0,0,0,0,0,0,0,0,0,2,.000,.000,.000,.000,-100,0,0,0,0,0,0,1
1475,Shawn Tolleson,27,TEX,AL,73,0,0,0,0,0,0,0,0,0,0,0,0,,,,,,0,0,0,0,0,0,1
1476,Steven Tolleson,31,TOR,AL,19,45,41,9,11,5,1,0,3,2,0,4,9,.268,.333,.439,.772,111,18,1,0,0,0,0,4/679
1477,Yasmany Tomas,24,ARI,NL,118,426,406,40,111,19,3,9,48,5,2,17,110,.273,.305,.401,.707,87,163,16,2,0,1,0,95/73D
1478,Josh Tomlin,30,CLE,AL,10,0,0,0,0,0,0,0,0,0,0,0,0,,,,,,0,0,0,0,0,0,1
1479,Kelby Tomlinson,25,SFG,NL,54,193,178,23,54,6,3,2,20,5,4,14,40,.303,.358,.404,.762,112,72,3,1,0,0,0,4/6
1480,Michael Tonkin,25,MIN,AL,26,0,0,0,0,0,0,0,0,0,0,0,0,,,,,,0,0,0,0,0,0,1
1481,Alex Torres*,27,NYM,NL,39,1,1,0,0,0,0,0,0,0,0,0,0,.000,.000,.000,.000,-100,0,0,0,0,0,0,1
1482,Carlos Torres,32,NYM,NL,59,1,1,1,1,0,0,0,0,0,0,0,0,1.000,1.000,1.000,2.000,464,1,0,0,0,0,0,1
1483,Ronald Torreyes,22,LAD,NL,8,8,6,1,2,1,0,0,1,0,0,1,1,.333,.429,.500,.929,161,3,0,0,1,0,0,/45
1484,Matt Tracy*,26,NYY,AL,1,0,0,0,0,0,0,0,0,0,0,0,0,,,,,,0,0,0,0,0,0,/1
1485,Devon Travis,24,TOR,AL,62,239,217,38,66,18,0,8,35,3,1,18,43,.304,.361,.498,.859,134,108,4,2,0,1,0,4
1486,Blake Treinen,27,WSN,NL,60,4,2,0,0,0,0,0,0,0,0,0,1,.000,.000,.000,.000,-100,0,0,0,2,0,0,1
1487,Nick Tropeano,24,LAA,AL,8,0,0,0,0,0,0,0,0,0,0,0,0,,,,,,0,0,0,0,0,0,/1
1488,Mike Trout,23,LAA,AL,159,682,575,104,172,32,6,41,90,11,7,92,158,.299,.402,.590,.991,176,339,11,10,0,5,14,*8/D
1489,Mark Trumbo,29,TOT,MLB,142,545,508,62,133,23,3,22,64,0,0,36,132,.262,.310,.449,.759,108,228,12,0,0,1,1,9D37
1490,Mark Trumbo,29,ARI,NL,46,184,174,23,45,10,3,9,23,0,0,10,39,.259,.299,.506,.805,110,88,4,0,0,0,0,9/3
1491,Mark Trumbo,29,SEA,AL,96,361,334,39,88,13,0,13,41,0,0,26,93,.263,.316,.419,.735,107,140,8,0,0,1,1,9D37
1492,Chin-hui Tsao,34,LAD,NL,5,1,1,1,1,1,0,0,0,0,0,0,0,1.000,1.000,2.000,3.000,718,2,0,0,0,0,0,/1
1493,Preston Tucker*,24,HOU,AL,98,323,300,35,73,19,0,13,33,0,2,20,68,.243,.297,.437,.734,99,131,3,3,0,0,0,79/D
1494,Sam Tuivailala,22,STL,NL,14,0,0,0,0,0,0,0,0,0,0,0,0,,,,,,0,0,0,0,0,0,1
1495,Troy Tulowitzki,30,TOT,MLB,128,534,486,77,136,27,0,17,70,1,0,38,114,.280,.337,.440,.777,102,214,17,6,0,4,5,*6/D
1496,Troy Tulowitzki,30,COL,NL,87,351,323,46,97,19,0,12,53,0,0,24,72,.300,.348,.471,.818,106,152,13,1,0,3,4,6
1497,Troy Tulowitzki,30,TOR,AL,41,183,163,31,39,8,0,5,17,1,0,14,42,.239,.317,.380,.697,92,62,4,5,0,1,1,6/D
1498,Justin Turner,30,LAD,NL,126,439,385,55,113,26,1,16,60,5,2,36,71,.294,.370,.491,.861,140,189,10,13,1,4,1,53/46
1499,Trea Turner,22,WSN,NL,27,44,40,5,9,1,0,1,1,2,2,4,12,.225,.295,.325,.620,68,13,0,0,0,0,0,4/6
1500,Koji Uehara,40,BOS,AL,43,0,0,0,0,0,0,0,0,0,0,0,0,,,,,,0,0,0,0,0,0,1
1501,Dan Uggla,35,WSN,NL,67,141,120,12,22,4,2,2,16,0,1,19,40,.183,.298,.300,.598,63,36,3,1,0,1,0,4/3D
1502,Justin Upton,27,SDP,NL,150,620,542,85,136,26,3,26,81,19,5,68,159,.251,.336,.454,.790,121,246,10,4,0,5,5,*7/D
1503,Melvin Upton,30,SDP,NL,87,228,205,23,53,12,4,5,17,9,3,21,62,.259,.327,.429,.757,112,88,1,0,2,0,2,8
1504,Jose Urena,23,MIA,NL,20,13,13,0,1,0,0,0,0,0,0,0,9,.077,.077,.077,.154,-57,1,0,0,0,0,0,1
1505,Juan Uribe,36,TOT,NL,119,397,360,40,91,17,0,14,43,2,0,34,80,.253,.320,.417,.737,105,150,12,2,0,1,3,5/4D
1506,Juan Uribe,36,LAD,NL,29,87,81,6,20,2,0,1,6,1,0,5,9,.247,.287,.309,.596,68,25,5,0,0,1,0,5
1507,Juan Uribe,36,ATL,NL,46,167,151,17,43,6,0,7,17,1,0,15,37,.285,.353,.464,.817,126,70,5,1,0,0,2,5/4
1508,Juan Uribe,36,NYM,NL,44,143,128,17,28,9,0,6,20,0,0,14,34,.219,.301,.430,.730,102,55,2,1,0,0,1,5/4D
1509,Henry Urrutia*,28,BAL,AL,10,36,34,3,9,1,0,1,6,0,0,2,3,.265,.306,.382,.688,87,13,1,0,0,0,0,/7D
1510,Giovanny Urshela,23,CLE,AL,81,288,267,25,60,8,1,6,21,0,1,18,58,.225,.279,.330,.608,63,88,9,2,1,0,0,5
1511,Chase Utley*,36,TOT,NL,107,423,373,37,79,21,2,8,39,4,0,32,64,.212,.286,.343,.629,73,128,7,10,0,8,4,4/35D
1512,Chase Utley*,36,PHI,NL,73,282,249,23,54,12,1,5,30,3,0,22,35,.217,.284,.333,.617,69,83,6,4,0,7,4,4/3D
1513,Chase Utley*,36,LAD,NL,34,141,124,14,25,9,1,3,9,1,0,10,29,.202,.291,.363,.654,83,45,1,6,0,1,0,4/53D
1514,Luis Valbuena*,29,HOU,AL,132,493,434,62,97,18,0,25,56,1,0,50,106,.224,.310,.438,.748,103,190,13,6,0,3,1,53/D4
1515,Jordany Valdespin*,27,MIA,NL,2,4,4,0,0,0,0,0,0,0,0,0,1,.000,.000,.000,.000,-100,0,0,0,0,0,0,/9
1516,Jose Valdez,25,DET,AL,7,0,0,0,0,0,0,0,0,0,0,0,0,,,,,,0,0,0,0,0,0,/1
1517,Danny Valencia,30,TOT,AL,105,378,345,59,100,23,1,18,66,2,2,29,80,.290,.345,.519,.864,134,179,13,1,1,2,3,57/394D
1518,Danny Valencia,30,TOR,AL,58,173,162,26,48,13,0,7,29,2,1,9,40,.296,.331,.506,.838,127,82,4,0,1,1,0,75/394D
1519,Danny Valencia,30,OAK,AL,47,205,183,33,52,10,1,11,37,0,1,20,40,.284,.356,.530,.886,140,97,9,1,0,1,3,5/D
1520,Scott Van Slyke,28,LAD,NL,96,253,222,19,53,14,0,6,30,3,1,23,62,.239,.317,.383,.700,96,85,5,4,1,3,2,793/8D
1521,Jason Vargas*,32,KCR,AL,9,0,0,0,0,0,0,0,0,0,0,0,0,,,,,,0,0,0,0,0,0,/1
1522,Kennys Vargas#,24,MIN,AL,58,184,175,18,42,4,0,5,17,0,0,9,54,.240,.277,.349,.626,71,61,7,0,0,0,0,D3
1523,Anthony Varvaro,30,BOS,AL,9,0,0,0,0,0,0,0,0,0,0,0,0,,,,,,0,0,0,0,0,0,/1
1524,Donnie Veal*,30,ATL,NL,5,0,0,0,0,0,0,0,0,0,0,0,0,,,,,,0,0,0,0,0,0,/1
1525,Vincent Velasquez#,23,HOU,AL,19,0,0,0,0,0,0,0,0,0,0,0,0,,,,,,0,0,0,0,0,0,1
1526,Will Venable*,32,TOT,MLB,135,390,349,40,85,13,3,6,33,16,1,37,94,.244,.320,.350,.669,88,122,8,2,2,0,3,*879
1527,Will Venable*,32,SDP,NL,98,308,283,34,73,10,3,6,30,11,1,25,73,.258,.318,.378,.696,96,107,8,0,0,0,1,897
1528,Will Venable*,32,TEX,AL,37,82,66,6,12,3,0,0,3,5,0,12,21,.182,.325,.227,.552,53,15,0,2,2,0,2,7/89
1529,Pat Venditte#,30,OAK,AL,26,1,1,0,0,0,0,0,0,0,0,0,1,.000,.000,.000,.000,-100,0,0,0,0,0,0,1
1530,Yordano Ventura,24,KCR,AL,28,6,6,0,0,0,0,0,0,0,0,0,5,.000,.000,.000,.000,-100,0,0,0,0,0,0,1
1531,Drew VerHagen,24,DET,AL,20,0,0,0,0,0,0,0,0,0,0,0,0,,,,,,0,0,0,0,0,0,1
1532,Justin Verlander,32,DET,AL,20,0,0,0,0,0,0,0,0,0,0,0,0,,,,,,0,0,0,0,0,0,1
1533,Logan Verrett,25,TOT,MLB,18,8,7,0,0,0,0,0,0,0,0,0,2,.000,.000,.000,.000,-100,0,0,0,1,0,0,1
1534,Logan Verrett,25,TEX,AL,4,0,0,0,0,0,0,0,0,0,0,0,0,,,,,,0,0,0,0,0,0,/1
1535,Logan Verrett,25,NYM,NL,14,8,7,0,0,0,0,0,0,0,0,0,2,.000,.000,.000,.000,-100,0,0,0,1,0,0,1
1536,Shane Victorino,34,TOT,AL,71,204,178,19,41,4,2,1,7,7,0,16,32,.230,.308,.292,.601,67,52,4,5,3,2,1,97/8
1537,Shane Victorino,34,BOS,AL,33,106,94,10,23,2,0,1,4,5,0,9,14,.245,.324,.298,.622,70,28,3,2,1,0,0,9
1538,Shane Victorino,34,LAA,AL,38,98,84,9,18,2,2,0,3,2,0,7,18,.214,.292,.286,.577,65,24,1,3,2,2,1,7/89
1539,Carlos Villanueva,31,STL,NL,35,11,8,0,0,0,0,0,0,0,0,0,5,.000,.000,.000,.000,-100,0,0,0,3,0,0,1
1540,Jonathan Villar#,24,HOU,AL,53,128,116,18,33,7,1,2,11,7,2,10,29,.284,.339,.414,.752,106,48,3,0,1,1,0,65/7D48
1541,Pedro Villarreal,27,CIN,NL,29,6,6,0,1,1,0,0,2,0,0,0,3,.167,.167,.333,.500,33,2,0,0,0,0,0,1
1542,Nick Vincent,28,SDP,NL,26,0,0,0,0,0,0,0,0,0,0,0,0,,,,,,0,0,0,0,0,0,1
1543,Arodys Vizcaino,24,ATL,NL,36,0,0,0,0,0,0,0,0,0,0,0,0,,,,,,0,0,0,0,0,0,1
1544,Ryan Vogelsong,37,SFG,NL,33,45,36,3,5,1,0,1,2,0,0,1,13,.139,.162,.250,.412,12,9,0,0,8,0,0,1
1545,Stephen Vogt*,30,OAK,AL,136,511,445,58,116,21,3,18,71,0,2,56,97,.261,.341,.443,.783,114,197,9,2,0,8,6,23/D
1546,Edinson Volquez,31,KCR,AL,34,6,6,0,0,0,0,0,0,0,0,0,4,.000,.000,.000,.000,-100,0,0,0,0,0,0,1
1547,Chris Volstad,28,PIT,NL,1,0,0,0,0,0,0,0,0,0,0,0,0,,,,,,0,0,0,0,0,0,/1
1548,Joey Votto*,31,CIN,NL,158,695,545,95,171,33,2,29,80,11,3,143,135,.314,.459,.541,1.000,174,295,11,5,0,2,15,*3
1549,Michael Wacha,23,STL,NL,30,62,52,5,8,1,0,0,4,1,0,4,20,.154,.214,.173,.387,8,9,0,0,6,0,0,1
1550,Tsuyoshi Wada*,34,CHC,NL,8,9,8,1,0,0,0,0,0,0,0,1,5,.000,.111,.000,.111,-66,0,0,0,0,0,0,/1
1551,Tyler Wagner,24,MIL,NL,3,3,3,0,0,0,0,0,0,0,0,0,2,.000,.000,.000,.000,-100,0,0,0,0,0,0,/1
1552,Adam Wainwright,33,STL,NL,7,10,10,0,0,0,0,0,0,0,0,0,2,.000,.000,.000,.000,-100,0,0,0,0,0,0,/1
1553,Jordan Walden,27,STL,NL,12,0,0,0,0,0,0,0,0,0,0,0,0,,,,,,0,0,0,0,0,0,1
1554,Kyle Waldrop*,23,CIN,NL,1,1,1,0,0,0,0,0,0,0,0,0,1,.000,.000,.000,.000,-100,0,0,0,0,0,0,
1555,Christian Walker,24,BAL,AL,7,12,9,0,1,0,0,0,0,0,0,3,4,.111,.333,.111,.444,31,1,0,0,0,0,0,/3D
1556,Neil Walker#,29,PIT,NL,151,603,543,69,146,32,3,16,71,4,1,44,110,.269,.328,.427,.756,107,232,9,8,0,8,5,*4
1557,Taijuan Walker,22,SEA,AL,29,10,9,0,1,1,0,0,1,0,0,0,5,.111,.111,.222,.333,-9,2,0,0,1,0,0,1
1558,Brett Wallace*,28,SDP,NL,64,107,96,14,29,6,0,5,16,0,0,10,31,.302,.374,.521,.895,150,50,1,1,0,0,1,3/5D
1559,Zach Walters#,25,CLE,AL,12,30,30,0,4,0,0,0,3,0,0,0,15,.133,.133,.133,.267,-28,4,0,0,0,0,0,/74569
1560,Adam Warren,27,NYY,AL,43,3,3,0,0,0,0,0,0,0,0,0,1,.000,.000,.000,.000,-100,0,0,0,0,0,0,1
1561,Tony Watson*,30,PIT,NL,77,0,0,0,0,0,0,0,0,0,0,0,0,,,,,,0,0,0,0,0,0,1
1562,Jered Weaver,32,LAA,AL,26,2,2,0,0,0,0,0,0,0,0,0,1,.000,.000,.000,.000,-100,0,0,0,0,0,0,1
1563,Daniel Webb,25,CHW,AL,27,0,0,0,0,0,0,0,0,0,0,0,0,,,,,,0,0,0,0,0,0,1
1564,Ryan Webb,29,CLE,AL,40,0,0,0,0,0,0,0,0,0,0,0,0,,,,,,0,0,0,0,0,0,1
1565,Ryan Weber,24,ATL,NL,5,10,10,0,0,0,0,0,0,0,0,0,8,.000,.000,.000,.000,-100,0,0,0,0,0,0,/1
1566,Allen Webster,25,ARI,NL,9,11,11,1,0,0,0,0,0,0,0,0,6,.000,.000,.000,.000,-100,0,0,0,0,0,0,/1
1567,Jemile Weeks#,28,BOS,AL,3,9,9,1,3,0,0,0,1,0,0,0,2,.333,.333,.333,.667,81,3,0,0,0,0,0,/4
1568,Rickie Weeks,32,SEA,AL,37,95,84,7,14,1,0,2,9,0,0,9,25,.167,.263,.250,.513,48,21,3,2,0,0,0,7D
1569,Jayson Werth,36,WSN,NL,88,378,331,51,73,16,1,12,42,0,1,38,84,.221,.302,.384,.685,84,127,8,3,0,6,0,79/D
1570,Matt West,26,LAD,NL,2,0,0,0,0,0,0,0,0,0,0,0,0,,,,,,0,0,0,0,0,0,/1
1571,Chase Whitley,26,NYY,AL,4,0,0,0,0,0,0,0,0,0,0,0,0,,,,,,0,0,0,0,0,0,/1
1572,Joe Wieland,25,LAD,NL,2,2,1,0,0,0,0,0,0,0,0,0,1,.000,.000,.000,.000,-100,0,0,0,1,0,0,/1
1573,Matt Wieters#,29,BAL,AL,75,282,258,24,69,14,1,8,25,0,0,21,67,.267,.319,.422,.742,101,109,4,0,0,3,0,2D/3
1574,Tom Wilhelmsen,31,SEA,AL,53,0,0,0,0,0,0,0,0,0,0,0,0,,,,,,0,0,0,0,0,0,1
1575,Adam Wilk*,27,LAA,AL,1,0,0,0,0,0,0,0,0,0,0,0,0,,,,,,0,0,0,0,0,0,/1
1576,Jackson Williams,29,SFG,NL,7,14,10,1,2,1,0,0,1,1,0,4,1,.200,.429,.300,.729,108,3,0,0,0,0,0,/2
1577,Jerome Williams,33,PHI,NL,33,36,31,0,2,1,0,0,1,0,0,1,14,.065,.094,.097,.191,-47,3,0,0,4,0,0,1
1578,Mason Williams*,23,NYY,AL,8,22,21,3,6,3,0,1,3,0,0,1,3,.286,.318,.571,.890,139,12,0,0,0,0,0,/8
1579,Mac Williamson,24,SFG,NL,10,34,32,2,7,0,1,0,1,0,0,0,8,.219,.235,.281,.517,43,9,1,1,0,1,0,/79D
1580,Alex Wilson,28,DET,AL,59,0,0,0,0,0,0,0,0,0,0,0,0,,,,,,0,0,0,0,0,0,1
1581,Bobby Wilson,32,TOT,AL,56,147,132,8,25,5,0,1,14,0,1,11,39,.189,.255,.250,.505,39,33,1,1,2,1,0,2/D
1582,Bobby Wilson,32,TBR,AL,25,59,55,3,8,0,0,0,4,0,0,4,20,.145,.203,.145,.349,0,8,1,0,0,0,0,2/D
1583,Bobby Wilson,32,TEX,AL,31,88,77,5,17,5,0,1,10,0,1,7,19,.221,.291,.325,.615,66,25,0,1,2,1,0,2
1584,C.J. Wilson*,34,LAA,AL,21,6,6,0,2,0,0,0,0,0,0,0,1,.333,.333,.333,.667,90,2,0,0,0,0,0,1
1585,Josh Wilson,34,DET,AL,21,41,38,4,12,3,0,0,5,0,0,0,15,.316,.350,.395,.745,107,15,1,2,1,0,0,45/6D1
1586,Justin Wilson*,27,NYY,AL,74,0,0,0,0,0,0,0,0,0,0,0,0,,,,,,0,0,0,0,0,0,1
1587,Tyler Wilson,25,BAL,AL,9,3,2,0,0,0,0,0,0,0,0,0,0,.000,.000,.000,.000,-100,0,0,0,1,0,0,/1
1588,Daniel Winkler,25,ATL,NL,2,0,0,0,0,0,0,0,0,0,0,0,0,,,,,,0,0,0,0,0,0,/1
1589,Matt Wisler,22,ATL,NL,21,36,29,0,4,0,0,0,1,0,0,2,6,.138,.194,.138,.331,-5,4,0,0,5,0,0,1
1590,Asher Wojciechowski,26,HOU,AL,5,0,0,0,0,0,0,0,0,0,0,0,0,,,,,,0,0,0,0,0,0,/1
1591,Randy Wolf*,38,DET,AL,8,0,0,0,0,0,0,0,0,0,0,0,0,,,,,,0,0,0,0,0,0,/1
1592,Kolten Wong*,24,STL,NL,150,613,557,71,146,28,4,11,61,15,8,36,95,.262,.321,.386,.707,93,215,10,15,0,5,2,*4
1593,Alex Wood,24,TOT,NL,32,67,55,2,9,2,0,0,4,0,0,4,34,.164,.220,.200,.420,19,11,2,0,8,0,0,1
1594,Alex Wood,24,ATL,NL,20,41,33,1,5,1,0,0,4,0,0,3,21,.152,.222,.182,.404,15,6,1,0,5,0,0,1
1595,Alex Wood,24,LAD,NL,12,26,22,1,4,1,0,0,0,0,0,1,13,.182,.217,.227,.445,26,5,1,0,3,0,0,1
1596,Travis Wood,28,CHC,NL,60,32,30,0,3,0,0,0,2,0,0,2,16,.100,.156,.100,.256,-27,3,0,0,0,0,0,1
1597,Rob Wooten,29,MIL,NL,4,1,1,0,0,0,0,0,0,0,0,0,0,.000,.000,.000,.000,-100,0,0,0,0,0,0,/1
1598,Vance Worley,27,PIT,NL,24,18,17,1,3,1,0,0,0,0,0,0,6,.176,.176,.235,.412,13,4,0,0,1,0,0,1
1599,David Wright,32,NYM,NL,38,174,152,24,44,7,0,5,17,2,1,22,36,.289,.379,.434,.814,128,66,4,0,0,0,0,5
1600,Mike Wright,25,BAL,AL,12,3,2,0,1,0,0,0,0,0,0,0,1,.500,.500,.500,1.000,176,1,0,0,1,0,0,1
1601,Steven Wright,30,BOS,AL,16,2,1,0,0,0,0,0,0,0,0,0,0,.000,.000,.000,.000,-100,0,0,0,1,0,0,1
1602,Wesley Wright,30,TOT,AL,11,0,0,0,0,0,0,0,0,0,0,0,0,,,,,,0,0,0,0,0,0,1
1603,Wesley Wright,30,BAL,AL,2,0,0,0,0,0,0,0,0,0,0,0,0,,,,,,0,0,0,0,0,0,/1
1604,Wesley Wright,30,LAA,AL,9,0,0,0,0,0,0,0,0,0,0,0,0,,,,,,0,0,0,0,0,0,/1
1605,Kirby Yates*,28,TBR,AL,20,0,0,0,0,0,0,0,0,0,0,0,0,,,,,,0,0,0,0,0,0,1
1606,Christian Yelich*,23,MIA,NL,126,525,476,63,143,30,2,7,44,16,5,47,101,.300,.366,.416,.782,116,198,13,2,0,0,2,*78
1607,Rafael Ynoa#,27,COL,NL,72,131,127,14,33,8,1,0,9,1,0,3,28,.260,.277,.339,.616,56,43,2,0,1,0,0,75/64
1608,Chris Young,31,NYY,AL,140,356,318,53,80,20,1,14,42,3,1,30,73,.252,.320,.453,.773,111,144,6,3,3,2,2,*978/D
1609,Chris Young,36,KCR,AL,34,4,4,0,2,0,0,0,3,0,0,0,1,.500,.500,.500,1.000,175,2,0,0,0,0,0,1
1610,Delmon Young,29,BAL,AL,52,180,174,20,47,6,0,2,16,0,0,4,29,.270,.289,.339,.628,71,59,8,1,0,1,0,9/D7
1611,Eric Young#,30,TOT,NL,53,94,85,16,13,4,2,0,5,6,2,6,18,.153,.217,.247,.464,30,21,1,1,2,0,1,78/9
1612,Eric Young#,30,ATL,NL,35,85,77,7,13,4,2,0,5,3,0,6,17,.169,.229,.273,.502,40,21,1,0,2,0,1,87
1613,Eric Young#,30,NYM,NL,18,9,8,9,0,0,0,0,0,3,2,0,1,.000,.111,.000,.111,-65,0,0,1,0,0,0,/79
1614,Brad Ziegler,35,ARI,NL,66,0,0,0,0,0,0,0,0,0,0,0,0,,,,,,0,0,0,0,0,0,1
1615,Ryan Zimmerman,30,WSN,NL,95,390,346,43,86,25,1,16,73,1,0,33,79,.249,.308,.465,.773,106,161,13,1,0,10,0,3/7
1616,Jordan Zimmermann,29,WSN,NL,33,69,63,4,10,1,0,0,3,0,0,0,18,.159,.159,.175,.333,-10,11,0,0,6,0,0,1
1617,Barry Zito*,37,OAK,AL,3,0,0,0,0,0,0,0,0,0,0,0,0,,,,,,0,0,0,0,0,0,/1
1618,Ben Zobrist#,34,TOT,AL,126,535,467,76,129,36,3,13,56,3,4,62,56,.276,.359,.450,.809,120,210,8,1,0,5,3,47/D95
1619,Ben Zobrist#,34,OAK,AL,67,271,235,39,63,20,2,6,33,1,1,33,26,.268,.354,.447,.801,119,105,5,0,0,3,2,47/D9
1620,Ben Zobrist#,34,KCR,AL,59,264,232,37,66,16,1,7,23,2,3,29,30,.284,.364,.453,.816,121,105,3,1,0,2,1,47/5D9
1621,Mike Zunino,24,SEA,AL,112,386,350,28,61,11,0,11,28,0,1,21,132,.174,.230,.300,.530,49,105,6,5,8,2,0,*2
1622,Tony Zych,24,SEA,AL,13,0,0,0,0,0,0,0,0,0,0,0,0,,,,,,0,0,0,0,0,0,1
